"id","category_id","mahorais","francais","example","status",
"1","6","Trini ?","Quoi ?","_","active",
"2","6","Mbani ?","Qui ?","_","active",
"3","6","De mbani ? ","C'est qui? ","_","active",
"4","6","Wawe mbani ?","Qui êtes-vous?","_","active",
"5","6","Wawe uhiriwa mbani ?","Comment t'appelles-tu? ","_","active",
"6","6","Wami uhiriwa...","Moi je m'appelle...","_","active",
"7","6","Wami ","Moi","_","active",
"8","6","Wawe ","Toi","_","active",
"9","6","Waye ","Lui, elle","_","active",
"10","6","Wasi ","Nous","_","active",
"11","6","Wanyu ","Vous","_","active",
"12","6","Wao ","Eux, elles","_","active",
"13","6","Kwezi !","Bonjour (à un aîné) ","_","active",
"14","6","Mbona ! ","Bonjour ! (réponse à Kwezi) ","_","active",
"15","6","Jeje ?","Bonjour ! (à une même classe d'âge)","_","active",
"16","6","Ndjema (tu) / Hairi","Bonjour! (réponse à jeje) ","_","active",
"17","6","Basi wawe?, Ehe wawe?","Et toi ?","_","active",
"18","6","Hodi ? ou Hodina ?","Y a quelqu'un ?","_","active",
"19","6","Karibu! ","Oui, entrez!","_","active",
"20","6","Barza asubuhi ?","Ça va ce matin?","_","active",
"21","6","Barza mtsana ?","Ça va cet après midi ?","_","active",
"22","6","Barza ajoni ?","Ça va ce soir?","_","active",
"23","6","Barza uku? ","Ça va ce soir (nuit) Comment vas tu ?","_","active",
"24","6","Barza suku nyengi ? ","Ça va ? (Après plusieurs jours) ","_","active",
"25","6","Barza maha mengi ","Ça va ? (Après plusieurs années) ","_","active",
"26","6","Kwaheri !"," Au revoir!","_","active",
"27","6","Suku yangina tsena ! ","A un de ces jours!","_","active",
"28","6","Lala ha unono ! ","Dors bien!","_","active",
"29","6","Marahaba! ","Merci!","_","active",
"30","6","Haya! ","Allons, allez ! ","_","active",
"31","6","Ndzia ya … ya havi ? ","Où est la route pour ... ? ","_","active",
"32","6","Ndzia ya ukatra ","Le chemin le plus court ","_","active",
"33","6","Nienyese","Montre-moi","_","active",
"34","6","Nienyese koni ","Montre-moi s'il te plaît ","_","active",
"35","6","Mbali ? ","C'est loin? ","_","active",
"36","6","Karibu tu!","C'est tout proche! ","_","active",
"37","6","Renga potroni!","Tournez à gauche! ","_","active",
"38","6","Renga kumeni!","Tournez à droite! ","_","active",
"39","6","Mbeli","Devant","_","active",
"40","6","Nyuma ","Derrière ","_","active",
"41","6","Uju ","Au-dessus ","_","active",
"42","6","Utsini ","En-dessous ","_","active",
"43","6","Vale ","Là ","_","active",
"44","6","Hule ","Là-bas ","_","active",
"45","6","Vanu ","Ici (démonstratif) ","_","active",
"46","6","Hunu ","Ici (plus général) ","_","active",
"47","6","Uju vanu","Là-dessus ","_","active",
"48","6","Uju vavo ","Là-dessus ","_","active",
"49","6","Utsinini vanu","Là-dessous ","_","active",
"50","6","Moni vanu ","Là-dedans ","_","active",
"51","6","Jeje bweni !","Bonjour madame!","_","active",
"52","6","Ndjema!","Bonjour!","_","active",
"53","6","Wawe uhiriwa mbani vale ?","Comment vous appelez-vous déjà?","_","active",
"54","6","Wami uhiriwa Klodi .","Je m'appelle Claude.","_","active",
"55","6","Basi wawe de mbani ?","Et vous, qui êtes-vous?","_","active",
"56","6","Wami uhiriwa Zainaba.","Je m'appelle Zaïnaba.","_","active",
"57","6","Usendra havi ?","Où allez-vous?","_","active",
"58","6","Nisendra hazini, basi wawe ?"," Je vais au travail, et vous?","_","active",
"59","6","Nisendra uju oho, na one mutru .","Je vais là-haut voir quelqu'un.","_","active",
"60","6","Ewa , basi kwaheri !","D'accord, alors au revoir!","_","active",
"61","7","Kwaheri, lala ha unono !","Au revoir, porte-toi bien!","_","active",
"62","7","Tomobili","Une automobile","_","active",
"63","7","Gari","Une voiture","_","active",
"64","7","Zombo za gari","Les outils de mécanique ","_","active",
"65","7","Mwenge wa gari ","Les phares d'une voiture ","_","active",
"66","7","Makiritasi yaho ya havi ? ","Où sont tes papiers? ","_","active",
"67","7","Uendra mbiyo ","Aller à toute allure","_","active",
"68","7","Usendra mbiyo hanguvu! ","Tu vas trop vite !","_","active",
"69","7","Ukiya mbeli","Se trouver devant ","_","active",
"70","7","Ukiliya mbeli","Dépasser, doubler ","_","active",
"71","7","Uziya taksi ","Arrêter un taxi","_","active",
"72","7","Upashiya taksi ","Monter dans un taxi ","_","active",
"73","7","Urongodza Wantru ","Saluer les gens ","_","active",
"74","7","Vahidza midzo yaho ! ","Montez vos bagages !","_","active",
"75","7","Jeje wanyawe ! ","Salut tout le monde !","_","active",
"76","7","Shuka !","Descends !","_","active",
"77","7","Vanu! ","Ici !","_","active",
"78","7","Vavo! ","Là !","_","active",
"79","7","Tsihuvosheleya ","Je vous remercie !","_","active",
"80","7","Marahaba!","Merci !","_","active",
"81","7","U1aga","Dire au revoir","_","active",
"82","7","Kwaheri !","Au revoir !","_","active",
"83","7","Suku yangina tsena ! ","A un autre jour !","_","active",
"84","7","Madza rijadza ! ","C'est déjà complet !","_","active",
"85","7","Usinyana ","Se serrer","_","active",
"86","7","Tsisinyiha ! ","Je suis serré !","_","active",
"87","7","Usiketsi mulonga ! ","Ne t'assois pas à la porte ! (Taxi brousse)","_","active",
"88","7","Ufahamu. ","Faire attention","_","active",
"89","7","Kula andrao ! ","Je pars, venez monter ! (taxi brousse)","_","active",
"90","7","Risilawa! ","On part !","_","active",
"91","7","Tsiwaswili ! ","Je suis arrivé !","_","active",
"92","7","Risiviriya Hakwa. ","Nous faisons un détour par Acua","_","active",
"93","7","barji ","La barge","_","active",
"94","7","Upashiya ","Embarquer","_","active",
"95","7","Namuvahidze midzo yanyu !","Embarquez les bagages! ","_","active",
"96","7","Isi lawa ","Elle lève l'ancre","_","active",
"97","7","Tsengeledza midzo yaho bavuni !","Rangez vos bagages à côté ! ","_","active",
"98","7","(M) usiheye uju vavo ! ","Ne montez pas là-dessus ! ","_","active",
"99","7","Namunimbe mwana bandza!","Donnez-moi de la place ! ","_","active",
"100","7","Namuziye ata barji ngiye !","Attendez que la barge accoste!","_","active",
"101","7","Magari, namuziye wana damu washuke rabuzi! ","Les véhicules doivent attendre que les passagers descendent ! ","_","active",
"102","7","Vwa mutru a dala saki yahe hunu !","Quelqu'un a perdu son sac ici!","_","active",
"103","7","Monye, vanu tsi latsiha. Nienyese koni indziya ya uendra laposte ?","Monsieur, je me suis égaré. Voulez-vous m'indiquer la route qui mène à la Poste?","_","active",
"104","7","Kabili pare lini. Wahipara uju oho, renga ndziya ya ukatra, kumeni haho.","Suivez cette route. Arrivé au bout, prenez le chemin le plus court à votre droite.","_","active",
"105","7","Mkini oho mbali ?","C'est peut-être loin?","_","active",
"106","7","Ahan ! karibu tu !","Non, c'est tout près!","_","active",
"107","7","Tsits tambiha sabu ?","Je n'aurai pas de problème, j 'éspère ?","_","active",
"108","7","Tsihuambiya endra tu ..","Je vous dis d'aller tout droit ....","_","active",
"109","7","Nehika kwavupara, regeya ata bazari, udzise.","Si vous n'y êtes pas arrivé, retournez jusqu'au marché et demandez.","_","active",
"110","7","Taksi !","Taxi !","_","active",
"111","7","Usendra havi ?","Où allez-vous ?","_","active",
"112","7","Nisendra tere ya avio.","Je vais à l'aéroport .","_","active",
"113","7","Halo basi, pashiya !","Allons-y alors, montez!","_","active",
"114","7","Zia be tsina midzo.","Attendez,j'ai des bagages.","_","active",
"115","7","Ivahidze basi.","Montez-les alors.","_","active",
"116","7","Tsimurongodzani wanyawe !","Salut à tous!","_","active",
"117","7","Rivosheya !","Salut!","_","active",
"118","7","Namutsengeleye pavi be tsi sinyiha, marahaba ..","Voulez-vous vous pousser un peu,je suis serré, merci...","_","active",
"119","7","Vavo shofera, nisishuka kamwe vanu. Kisaje mwa ?","Là, chauffeur, je descends juste là. Combien vous dois-je?","_","active",
"120","7","Riali sitini."," 6 F.","_","active",
"121","7","Haya, suku yangina tsena.","Allez, à un autre jour!","_","active",
"122","7"," Jeje bweni, Nisutsaha tike mbili.","Bonjour madame, Je voudrais deux tickets.","_","active",
"123","7","Uvingi midzo ?","Avez-vous des bagages?","_","active",
"124","7","Ahan - Ra watru waili","Non, Nous sommes deux.","_","active",
"125","7","Haraka basi, be isilawa.","Vite alors, car elle s'en va.","_","active",
"126","7","Marahaba!","Merci!","_","active",
"127","7","Monye, nisaidie roni vanu ?","Monsieur, voulez-vous m'aider?","_","active",
"128","7","Aa, na valizi yaho ini ya ndziro ! Usipashiya mwa ?","Oh, votre valise est lourde! Prenez-vous l'avion?","_","active",
"129","7","Ewa - Nisendra masiwani .... Ihetsi Kamwe vavo -Marahaba.","Oui - Je vais aux Comores … Laissez-la, juste-là. Merci.","_","active",
"130","7","Musi hetsi midzo yanyu ha ri na hari.","Ne laissez pas vos bagages au milieu.","_","active",
"131","7","Monyewe gari dzindzano, nambari miya wa sitini, asi tswaha kabini.","Le propriétaire de la voiture jaune, N°160, est demandé à la cabine de pilotage.","_","active",
"132","8","Saladi","Salade","_","active",
"133","8","Feliki bwa","Brède","_","active",
"134","8","Feliki mhogo","Brède manioc ","_","active",
"135","8","Feliki mafana","Brède mafana","_","active",
"136","8","Feliki majimbi","Brède taro","_","active",
"137","8","Feliki uvunge","Brède mourongue","_","active",
"138","8","Feliki trango","Brède citrouille","_","active",
"139","8","Feliki batata","Brède patate douce","_","active",
"140","8","Muhogo","Manioc ","_","active",
"141","8","Trovi","Banane ","_","active",
"142","8","Tsuzi","Ambrevades ","_","active",
"143","8","Kundre ","Haricot ","_","active",
"144","8","Bengani ","Aubergine ","_","active",
"145","8","Batata ","Patate ","_","active",
"146","8","Dodoki","Pipangaille ","_","active",
"147","8","Frampe ","Fruit à pain ","_","active",
"148","8","Jimbi ","Songe ","_","active",
"149","8","Tamati ou temate ","Tomate ","_","active",
"150","8","Iolo","C'est gâté ","_","active",
"151","8","Ihivu","C'est mûr ","_","active",
"152","8","Mbitsi","C'est vert ","_","active",
"153","8","Upua","Cueillir ","_","active",
"154","8","Uhua","Eplucher","_","active",
"155","8","Nanasi","Ananas","_","active",
"156","8","Masindza","Banane mûre","_","active",
"157","8","Pwera","Goyave","_","active",
"158","8","Manga","Mangue","_","active",
"159","8","Pa paya","Papaye","_","active",
"160","8","Gwezi (la mbiya) ","Peau (d'un fruit)","_","active",
"161","8","Konokono ","Pomme cannelle","_","active",
"162","8","Ndrimu ","Citron","_","active",
"163","8","Nadzi ","Coco sec","_","active",
"164","8","Shijavu","Coco vert","_","active",
"165","8","Fenesi","Jaque","_","active",
"166","8","Trundra","Orange","_","active",
"167","8","Hanga","Basilic ","_","active",
"168","8","Mudarasini ","Cannelle ","_","active",
"169","8","Hawadji ","Cumin ","_","active",
"170","8","Dzindzano ","Safran","_","active",
"171","8","Putu","Piment","_","active",
"172","8","Vilivili ","Poivre","_","active",
"173","8","Singiziu ","Gingembre","_","active",
"174","8","Shirungu baswali ","Oignon","_","active",
"175","8","Shirungu vuje","Ail","_","active",
"176","8","Uhaju ","Tamarin","_","active",
"177","8","Nyama ","La viande","_","active",
"178","8","Nyama ya nyombe ","La viande de bœuf","_","active",
"179","8","Nyama ya mbuzi ","La viande de cabri","_","active",
"180","8","Nyama ya baribari ","La viande de mouton","_","active",
"181","8","Nyama ya matra","De la viande de grasse","_","active",
"182","8","Fi ","Du poisson","_","active",
"183","8","Dayi ","Du poisson séché","_","active",
"184","8","Uvima ","Peser","_","active",
"185","8","Nakotsaha kilo moja ","Je voudrais un kilo","_","active",
"186","8","Nivimiye kilo moja ! ","Voulez-vous peser un kilo pour moi ?","_","active",
"187","8","Nimbe !","Donne-moi !","_","active",
"188","8","Tsisiudza","Je ne vends pas","_","active",
"189","8","Zisiudziwa","Ils sont à vendre","_","active",
"190","8","Kwezi bweni !","Bonjour madame!","_","active",
"191","8","Mbona!","Bonjour!","_","active",
"192","8","Nitsaha feliki vanu, fungu kisaje mwa ?","Je voudrais des brèdes, combien vaut le paquet?","_","active",
"193","8","Riyali shirini.","2 F.","_","active",
"194","8"," Bwi, na wilo mwana pavi raha na fungu moja ile !Kuni engedzeya mwana pavi ?","Oh là là ! Que c'est peu par rapport à l'autre! Voulez-vous m'en mettre un peu plus?","_","active",
"195","8","Haya basi. ..be usudzoye dzoye !","Si vous voulez; mais n'en faites pas une habitude !","_","active",
"196","8","Ewa ! Marahaba. Kwaheri !","Entendu, merci. Au revoir!","_","active",
"197","8","Ewa , suku yangina tsena !","Salut! A un autre jour!","_","active",
"198","9","Duka","La boutique","_","active",
"199","9","Uudza","Vendre","_","active",
"200","9","Tsibuliya","J'ai un arrivage","_","active",
"201","9","Riyali ngavi / kisaje","Combieri d'argent","_","active",
"202","9","Ununua","Acheter","_","active",
"203","9","Marike","L'argent","_","active",
"204","9","Turuturu","Des pièces de monnaie","_","active",
"205","9","Thamani, kima","Le prix","_","active",
"206","9","Shukidza ithamani !","Baisse le prix !","_","active",
"207","9","Uhedza ithamani","Augmenter le prix","_","active",
"208","9","Hali swafi !","C'est très cher!","_","active",
"209","9","Rahisi!","C'est bon marché!","_","active",
"210","9","Swafi !","Vraiment!","_","active",
"211","9","Narirengeledze","Discutons (prix)","_","active",
"212","9","Nisikopa","Je demande un crédit","_","active",
"213","9","Ukopesha","Accorder un crédit","_","active",
"214","9","Wami tsikopesha","Je ne fais pas crédit","_","active",
"215","9","Deni","Une dette","_","active",
"216","9","Uliva deni","S'acquitter d'une dette","_","active",
"217","9","Usiudza hali / Usipua shitswa","Vous vendez très cher","_","active",
"218","9","Faida","Un bénéfice","_","active",
"219","9","Tsisipara ata shitru","Je ne fais aucun bénéfice","_","active",
"220","9","Vwa","Il y a, il y en a","_","active",
"221","9","Kavu","Il n'y en a pas","_","active",
"222","9","Ikomo","Il n'y en a plus","_","active",
"223","9","Badili","Un change","_","active",
"224","9","Ubadili","Echanger","_","active",
"225","9","Nitsaha badili !","Je voudrais de la monnaie! ","_","active",
"226","9","Utsahua","Choisir","_","active",
"227","9","Uvima","Peser","_","active",
"228","9","Mpindrio","L'habillement","_","active",
"229","9","Uvimanisa","Mesurer","_","active",
"230","9","Mpindrio","L'habillement","_","active",
"231","9","Nguo","Les vêtements","_","active",
"232","9","Upindra","S'habiller","_","active",
"233","9","Utriya nguo","Porter des vêtements","_","active",
"234","9","Utsua nguo","Se déshabiller","_","active",
"235","9","Uvimanisa","Essayer","_","active",
"236","9","Kaliso","Un short","_","active",
"237","9","Shimizi","Une chemise","_","active",
"238","9","Kotri","Un costume","_","active",
"239","9","Mihono","Les manches","_","active",
"240","9","Sirwali","Un pantalon","_","active",
"241","9","Mkandra","Une ceinture","_","active",
"242","9","Magoshi","Les chaussures","_","active",
"243","9","Nisoneye robo","Fais-moi une robe","_","active",
"244","9","Uzi","Un fil","_","active",
"245","9","Saluva","Un pagne porté par les femmes","_","active",
"246","9","Kishali, nambawani","Un châle, un voile","_","active",
"247","9","Kantshiri","Un soutien-gorge","_","active",
"248","9","Sabuni","Du savon","_","active",
"249","9","Marashi","Du parfum","_","active",
"250","9","Shipini","Bijou de nez","_","active",
"251","9","Dahabu","De l'or","_","active",
"252","9","Pere","Une bague","_","active",
"253","9","Bangili, kuku","Un bracelet","_","active",
"254","9","Kavi","Des boucles d'oreilles","_","active",
"255","9","Kabwa","Les chaussures","_","active",
"256","9","Mwavule","Un parapluie","_","active",
"257","9","Masono ","La couture ","_","active",
"258","9","Kulabu","Une épingle","_","active",
"259","9","Sindzano","Une aiguille","_","active",
"260","9","Marandro","Des haillons","_","active",
"261","9","Uzi","Un fil","_","active",
"262","9","Shipandre","Une tâche","_","active",
"263","9","Ya bole hanguvu na wami!","C'est trop grand pour moi!","_","active",
"264","9","Ya titi hanguvu na waye","C'est trop petit pour lui","_","active",
"265","9","Ya sawa na wami !","C'est juste ma taille!","_","active",
"266","9","Jeje bweni, ustamani trini?","Bonjour madame, que désirez-vous?","_","active",
"267","9","Tsikiya amba ubuliya nguo hunu !","J'ai entendu que vous avez un nouvel arrivage de vêtements ici !","_","active",
"268","9","Ewa. Tsizani. Aisa za rahisi.","Oui. Les voici. En plus, ils sont bon marché.","_","active",
"269","9","Be wami nakotsaha ni kope ata mwezi utsobuhao.","Seulement, je voudrais faire un crédit jusqu'au mois prochain.","_","active",
"270","9","Kaina trongo sa.","y a pas de problèmes.","_","active",
"271","9","Ne surwali ile kisaje ?","Ce pantalon coûte combien ?","_","active",
"272","9","Wami na wawe, riyali alifu mbili.","Entre nous, 250 F .","_","active",
"273","9","Bwi, usiudza hali swafi. Wami nisendra dzangu.","Oh ...oh, vous vendez trop cher. Moi,je m'en vais.","_","active",
"274","9","Ziya bweni, ritsorengeledza.","Attendez madame ... On va arranger le prix.","_","active",
"275","9","Musipua shitswa swafi.","Vraiment, vous exagérez.","_","active",
"276","9","Nisuhupuliya ithamani ....","Je baisse le prix pour vous.","_","active",
"277","9",".... Riyali ngavi basi ?","Combien alors?","_","active",
"278","9","Alifu mbili.","200 F.","_","active",
"279","9","Vavo tu ne usipara faida be nimbe tu.","Et même vous faites un gros bénéfice, mais donnez-le moi quand-même.","_","active",
"280","9","Marahaba bweni, suku yangina tsena …","Merci madame, à un de ces jours.","_","active",
"281","9","Haya kwaheri.","Allez au revoir.","_","active",
"282","10","Mdyiyo","Le manger","_","active",
"283","10","lhivu","C'est cuit","_","active",
"284","10","Mbitsi","Cru","_","active",
"285","10","Nisiona ndza","J'ai faim","_","active",
"286","10","Nisiona nyora","J'ai soif","_","active",
"287","10","Nisifa na ndza","Je meurs de faim","_","active",
"288","10","Umadza nyora","Apaiser sa soif","_","active",
"289","10","Isitolesa mare","Cela fait venir l'eau à la bouche","_","active",
"290","10","Nisinwa maji","Je bois de l'eau","_","active",
"291","10","Tsikura","Je suis rassasié","_","active",
"292","10","Inamoro","C'est chaud","_","active",
"293","10","Iziliya","C'est froid","_","active",
"294","10","Umedza","Avaler","_","active",
"295","10","Utsana","Mâcher","_","active",
"296","10","Usondza","Sucer","_","active",
"297","10","Tsikawa","J'ai avalé de travers","_","active",
"298","10","Abindruwa","Il a roté","_","active",
"299","10","Isijiva - Ina lada","C'est bon, agréable","_","active",
"300","10","Mbwadza","C'est insipide","_","active",
"301","10","Iolo","C'est pourri","_","active",
"302","10","Latabu ini ina mutru ?","Cette table est-elle prise ?","_","active",
"303","10","Pla , sahani ya shahula","Un plat","_","active",
"304","10","Sahani","Une assiette","_","active",
"305","10","Sutru","Une cuillère","_","active",
"306","10","Sembeya","Un couteau","_","active",
"307","10","Mtsuzi wa nyama","Une sauce de viande","_","active",
"308","10","Mtsuzi wa kuhu","Une sauce de poulet","_","active",
"309","10","Mtsuzi wa matra","Une sauce à l'huile","_","active",
"310","10","Mtsuzi wa fii","Une sauce au poisson","_","active",
"311","10","Mtsuzi wa nadzi","Une sauce au coco","_","active",
"312","10","Mtsuzi wa maji","Une sauce claire","_","active",
"313","10","Mataba","De la brède manioc","_","active",
"314","10","Batabata","De la banane ou manioc bouillis à l'eau","_","active",
"315","10","Matsidza, mura","Un plat de riz","_","active",
"316","10","Mutsolola","Banane et manioc assaisonnés de citron et accompagnés de viande ou de poisson.","_","active",
"317","10","Frampe la viswa","Du fruit à pain frit","_","active",
"318","10","Batabata la majimbi","Du songe bouilli","_","active",
"319","10","Mshakiki","Une brochette","_","active",
"320","10","Shingo","Du sel","_","active",
"321","10","Ina shingo","C'est salé","_","active",
"322","10","Ina putu","C'est pimenté","_","active",
"323","10","Ishiya shingo","C'est trop salé","_","active",
"324","10","Ishiya ndrimu","C'est trop de citron","_","active",
"325","10","Unwa","Le boire","_","active",
"326","10","Maji","De l'eau","_","active",
"327","10","Vera","Un verre","_","active",
"328","10","Bakuli ya dite","Une tasse de thé","_","active",
"329","10","Dite ya dziya","Du thé au lait","_","active",
"330","10","Kafe ya dziya","Du café au lait","_","active",
"331","10","Utsomoa","Verser","_","active",
"332","10","Sukari","Sucre","_","active",
"333","10","Ngizi","Doux, sucré","_","active",
"334","10","Ina ngizi","C'est sucré","_","active",
"335","10","Gudiya la sukari","Sucrier","_","active",
"336","10","Uvuvua","Infuser","_","active",
"337","10","Ubuhudza","Faire couler","_","active",
"338","10","Jeje Monye!","Bonjour Monsieur!","_","active",
"339","10","Ndjema.","Bonjour.","_","active",
"340","10","Utso renga trini mwa ?","Qu'est ce que vous prenez?","_","active",
"341","10","Nitso renga mtsolola .","Du mtsolola.","_","active",
"342","10","Na trini tsena ? Utsonwa shitru ?","Et quoi encore? Vous buvez quelque chose?","_","active",
"343","10","Nimbe maji ya baridi tu.","De l'eau fraîche me suffira.","_","active",
"344","10","Unu mtsolola wa trini mwa ?","C'est du mtsolola avec quoi?","_","active",
"345","10","Wa marumbo.","Du mtsolola aux entrailles(de boeuf).","_","active",
"346","10","Sabu isijiva ?","Est-ce délicieux?","_","active",
"347","10","Swafi be isi wawa ata hamwe.","Vraiment. Mais il est très piquant.","_","active",
"348","10","Bora maji yangu yake tu vavo.","?Ça ne fait rien. Que mon eau soit à côté. Ça me suffit.","_","active",
"349","10","Haya nisuhulisha.","Je vous laisse alors.","_","active",
"350","10","Marahaba","Merci","_","active",
"351","11","Ukodza","Avoir mal","_","active",
"352","11","Nisi kodza","J'ai mal","_","active",
"353","11","Usi kodza trini ?","De quoi souffrez-vous?","_","active",
"354","11","Usi kodza havi ?","Où avez -vous mal?","_","active",
"355","11","Nisi kodza soifi","Je suis vraiment souffrant","_","active",
"356","11","Tsisi fetre","Je ne me sens pas bien","_","active",
"357","11","Tsa haîri hairi","Je vais mieux","_","active",
"358","11","Tsi tsindziha umundru","Je me suis coupé le pied","_","active",
"359","11","Nisiona utungu","Je sens une douleur","_","active",
"360","11","Tsina buhuo","J'ai de la fièvre","_","active",
"361","11","Nisi kodza manyo","J'ai mal aux dents","_","active",
"362","11","Tsi remwa na nyoshi","J'ai été piqué par une abeille","_","active",
"363","11","Tsi remwa na jua","J'ai attrapé un coup de soleil","_","active",
"364","11","Tsina jongoma","J'ai attrapé un rhume","_","active",
"365","11","Nisiona udu","J'ai des vertiges","_","active",
"366","11","Nisikodza shitswa","J'ai mal à la tête","_","active",
"367","11","Tsilimbwa","J'ai un point de côté","_","active",
"368","11","Nisikodza umiyo","J'ai mal à la gorge","_","active",
"369","11","Abama","Il s'est évanoui","_","active",
"370","11","Nisidunga","J'ai des pertes","_","active",
"371","11","Kaya lazimu wala shingo nyengi !","Il ne faut pas manger trop de sel!","_","active",
"372","11","Uzihira","Soigner","_","active",
"373","11","Uvona","Guérir","_","active",
"374","11","Tsi vono, tsi angala","Je suis guéri","_","active",
"375","11","Avono, angala","Il est guéri","_","active",
"376","11","Afu","Il est mort","_","active",
"377","11","Asi raviha?","Il vomit?","_","active",
"378","11","Nisi samua","J'éternue","_","active",
"379","11","Usikohola?","Tu tousses?","_","active",
"380","11","Tsina jongoma","Je suis enrhumé","_","active",
"381","11","Tsusuhu","La rougeole","_","active",
"382","11","Tsajaja","La bourbouille","_","active",
"383","11","Kulukulu","Les oreillons","_","active",
"384","11","Ndrerema","Le paludisme","_","active",
"385","11","Kohola kavu","La tuberculose","_","active",
"386","11","Shondra","Une plaie","_","active",
"387","11","Ufunga shondra","Panser","_","active",
"388","11","Nisushuka damu","Je saigne","_","active",
"389","11","Dalao","Un médicament","_","active",
"390","11","Sindzano","Le vaccin, la seringue","_","active",
"391","11","Izimbi","C'est enflé","_","active",
"392","11","Upuwa manyo","Se faire arracher une dent","_","active",
"393","11","Nitsaha nipue dzinyo","Je voudrais m'arracher une dent","_","active",
"394","11","Nisi vuja","J'ai la diarrhée","_","active",
"395","11","Na wawe uhondro !","Ce que tu as maigri!","_","active",
"396","11","Duktera","Docteur, Médecin","_","active",
"397","11","Dukutera wa matso","L'occuliste","_","active",
"398","11","Dukutera wa makiyo","L'oto-rhino-laryngologiste","_","active",
"399","11","Duktera wa roho","Le cardiologue","_","active",
"400","11","Dukutera wa manyo","Le dentiste","_","active",
"401","11","Shitswa","La tête","_","active",
"402","11","Matso","Les yeux","_","active",
"403","11","Makiyo","Les oreilles","_","active",
"404","11","Pua","Le nez","_","active",
"405","11","Hanyo","La bouche","_","active",
"406","11","Manyo","Les dents","_","active",
"407","11","Mengo","Le dos","_","active",
"408","11","Mihono","Les mains","_","active",
"409","11","Mindru","Les pieds","_","active",
"410","12","Ukiya","Entendre","_","active",
"411","12","Ukiya?","As-tu entendu?","_","active",
"412","12","Mfu makiyo","Un sourd","_","active",
"413","12","Zi","Silence, silencieux","_","active",
"414","12","Uvulikiya","Ecouter","_","active",
"415","12","Keme","Du bruit","_","active",
"416","12","Musi triye keme","Ne criez pas","_","active",
"417","12","Na keme","Bruyant","_","active",
"418","12","Uhodza makiyo","Assourdissant","_","active",
"419","12","Arufu","L'odeur","_","active",
"420","12","Uvura harufu","Renifler","_","active",
"421","12","Usu kiya?","Tu sens?","_","active",
"422","12","Isunuka fetre","Ça sent bon","_","active",
"423","12","Isunuka nai","Ça sent mauvais","_","active",
"424","12","Vwusunuka uvundro","Ça pue","_","active",
"425","12","Kaina harufu","Inodore","_","active",
"426","12","Lada","Le goût","_","active",
"427","12","Ulauliya","Goûter, déguster","_","active",
"428","12","Nyongo","Amer","_","active",
"429","12","Ngizi tu","C'est doux, sucré","_","active",
"430","12","Mbwadza","Insipide","_","active",
"431","12","Utra mare","Cracher","_","active",
"432","12","Usika","Toucher, tenir","_","active",
"433","12","Laini","Lisse","_","active",
"434","12","Mangavu","Dur","_","active",
"435","12","Trembwavu","Doux","_","active",
"436","12","Magagara","Rugueux","_","active",
"437","12","Urongozi","La parole","_","active",
"438","12","Ulaguwa","Parler","_","active",
"439","12","Uhadisi","Discuter","_","active",
"440","12","Ubuyana","Rester bouche bée","_","active",
"441","12","Urongowa","Dire","_","active",
"442","12","Ubabuha","Bavarder","_","active",
"443","12","Ji","La voix","_","active",
"444","12","Uvutsa ji","Lancer un appel","_","active",
"445","12","Unguruma","Murmurer","_","active",
"446","12","Utsema","Chuchoter","_","active",
"447","12","Ulatsa keme","Crier","_","active",
"448","12","Utriya keme","Paire du bruit","_","active",
"449","12","Ji kali","Une voix perçante","_","active",
"450","12","Uhaya Iiji","S'enrouer la voix","_","active",
"451","12","Uwaridi","Réciter","_","active",
"452","12","Uona","Voir","_","active",
"453","12","Matsoni ha mutru","A portée de vue de quelqu'un","_","active",
"454","12","Kaono","Un malvoyant","_","active",
"455","12","Matso mahali","Une vue perçante","_","active",
"456","12","Miwani","Les lunettes","_","active",
"457","12","Matso ma biru","Qui louche","_","active",
"458","12","Mfu matso","Un aveugle","_","active",
"459","12","Uvavatsa","Tâtonner","_","active",
"460","12","Ungaliya","Regarder","_","active",
"461","12","Angaliya!","Regarde!","_","active",
"462","12","Nisi ona mauri","Il me semble que","_","active",
"463","12","Waye ufana na umwana wangu","Il ressemble à mon fils","_","active",
"464","12","Nisuhu fanisa na Saïd","Il me semble que tu ressembles à Saïd","_","active",
"465","12","Uzunguha","Chercher","_","active",
"466","12","Udunga na matso","Suivre des yeux","_","active",
"467","12","Umaizi","Apercevoir","_","active",
"468","12","Ukadza matso","Scruter du regard","_","active",
"469","12","Ungaliya na ko la dzitso","Regarder à la dérobée","_","active",
"470","12","Uvenya dzitso","Cligner de l'oeil","_","active",
"471","12","Angaliya ha dzitso moro","Regarder avec colère","_","active",
"472","12","Duktera mwana wangu asi kodza.","Docteur, mon enfant est malade.","_","active",
"473","12","Asi kodza trini ? Trini imuhodzao ?","De quoi souffre -t-il ?","_","active",
"474","12","Tsiji be ahila shitru, asuraviha ; aisa asi dridrima na ukohola yama yama.","Je l'ignore mais à chaque fois qu'il mange quelque chose, il vomit; en plus il tremblote et tousse sans arrêt.","_","active",
"475","12","Mutsengeledze koni hunu !","Approchez-le ici s'il vous plaît!","_","active",
"476","12","Ama ana moro !Rangu lini de trongo ini ya mpara ?","Oh là là qu'est-ce qu'il a chaud! Depuis quand est-il dans cet état?","_","active",
"477","12","Rangu jana uku.","Depuis cette nuit.","_","active",
"478","12","Basi vulishiya, ka isihatwari hanguvu vavo asi heya manyo .","Alors, écoutez, ce n'est pas très grave: c'est la poussée des dents.","_","active",
"479","12","Utsomba mbiya zini amo hisa ula : mbili asubuhi, mbili mtsana, mbili ukwari.","Vous lui donnerez ces comprimés après chaque repas : deux le matin, deux à midi et deux le soir.","_","active",
"480","12","Marahaba duktera !","Merci docteur !","_","active",
"481","12","Kwaheri bweni, wangina.","Au revoir madame, un autre!","_","active",
"482","13","Mtsala","Mince","_","active",
"483","13","Mahondra","Maigre","_","active",
"484","13","Shimo","La silhouette","_","active",
"485","13","Miba","Le squelette","_","active",
"486","13","Muba","Un os","_","active",
"487","13","Shifungo","Une articulation","_","active",
"488","13","Nyama","La chair","_","active",
"489","13","Ngwezi","La peau","_","active",
"490","13","Urisa","Laid","_","active",
"491","13","Uzuri","La beauté","_","active",
"492","13","Mzuri","Beau, belle","_","active",
"493","13","Tsi","Les sourcils","_","active",
"494","13","Kove","Les paupières","_","active",
"495","13","Domo","Une lèvre","_","active",
"496","13","Domo la uju","La lèvre supérieure","_","active",
"497","13","Domo la utsini","La lèvre inférieure","_","active",
"498","13","dzigno","Une dent","_","active",
"499","13","Ulime","La langue","_","active",
"500","13","Ndrevu","La barbe","_","active",
"501","13","Puzi, dzipuzi","Un poil","_","active",
"502","13","Umidza zi nyole","Dresser les cheveux","_","active",
"503","13","Nyole singa","Cheveux lisses","_","active",
"504","13","Nyole makiripi","Cheveux crépus","_","active",
"505","13","Mabele","Les seins","_","active",
"506","13","Mbavu","Les côtes","_","active",
"507","13","Mba wa mengo","La colonne vertébrale","_","active",
"508","13","Roho","Le coeur","_","active",
"509","13","Damu","Le sang","_","active",
"510","13","Roho isendra","Le coeur bat","_","active",
"511","13","Roho isendra mbiyo","Le coeur palpite","_","active",
"512","13","Trumbo","L'estomac","_","active",
"513","13","Shiga","Les membres","_","active",
"514","13","Uhedza mabega","Hausser les épaules","_","active",
"515","13","Mhono wa kume","La main droite","_","active",
"516","13","Mhono wa potro","La main gauche","_","active",
"517","13","potro","Un gaucher","_","active",
"518","13","Kofu","Les ongles","_","active",
"519","13","Tsoma","Le poing","_","active",
"520","13","Karo bwe","Pieds-nu","_","active",
"521","13","Shitswa truvu","Tête nue","_","active",
"522","13","Maji ya mpara ma  gunguniju","Il est mouillé jusqu'aux genoux","_","active",
"523","13","Utsengeleya karibu","Se rapprocher","_","active",
"524","13","Utsengeleya mbali","S'éloigner","_","active",
"525","13","Uendra mbeli","S'avancer","_","active",
"526","13","Uviriya","Passer auprès","_","active",
"527","13","Ngao moja","Un pas","_","active",
"528","13","Haraka, tshaputshapu","Vite","_","active",
"529","13","Vole vole","Lent","_","active",
"530","13","Uendra haraka","Marcher vite","_","active",
"531","13","Ubua magandro","Enjamber","_","active",
"532","13","Ha tsa za kofu","Sur la pointe des pieds","_","active",
"533","13","Utriya ringa","Faire un croc en jambe","_","active",
"534","13","Udzi wusa","Se laisser tomber","_","active",
"535","13","Wusa mutru","Faire tomber qqn","_","active",
"536","13","Ani Wusu","Il m'a fait tomber","_","active",
"537","13","Hima!","Relève-toi!","_","active",
"538","13","Atrala","Il s'est enfui","_","active",
"539","13","Anyi mwesi","Il a pris ses jambes à son cou","_","active",
"540","13","Uvutsa na uvuka","Lancer et attraper","_","active",
"541","13","Utrika","Porter sur la tête","_","active",
"542","13","Usika hodari","Saisir vivement","_","active",
"543","13","Kwala","Un coup sur la tête","_","active",
"544","13","Radi","Un coup de tonnerre","_","active",
"545","13","Tsoma","Un coup de poing","_","active",
"546","13","Kondro","Une dispute, une guerre, combat","_","active",
"547","13","Mashindrano","Une lutte, une dispute","_","active",
"548","13","Uwaswili","Atteindre","_","active",
"549","13","Usukuma","Pousser","_","active",
"550","13","Uvura","Tirer","_","active",
"551","13","Udzua","Soulever","_","active",
"552","13","Usamidza","Enfoncer, fourrer","_","active",
"553","13","Uvutsa","Lancer à la volée","_","active",
"554","13","Uvutsia","Lancer à (pour blesser), jeter avec violence","_","active",
"555","13","Utsebwereha","Etre épuisé","_","active",
"556","13","Uzia","Arrêter","_","active",
"557","13","Uvumua","Se reposer","_","active",
"558","13","Uvumuzi","Le repos","_","active",
"559","13","Ulemevu","La fatigue","_","active",
"560","13","Na taharaki","Vif, remuant","_","active",
"561","13","Utrulia","Rester tranquille","_","active",
"562","13","Mbole","Grand","_","active",
"563","13","Mundra","Elancé","_","active",
"564","13","Mnene","Gros","_","active",
"565","13","Shirere","Un nain","_","active",
"566","13","Mtronga","Gras","_","active",
"567","14","Misi","La ligne","_","active",
"568","14","Ulo","L'hameçon","_","active",
"569","14","Shambwi","L'appât","_","active",
"570","14","Bati","Le plomb","_","active",
"571","14","Ufunga trambwi","Faire un noeud","_","active",
"572","14","Uvutsa misi","Lancer la ligne","_","active",
"573","14","Utriya shambwi","Attacher l'appât","_","active",
"574","14","Uvura misi","Tirer la ligne","_","active",
"575","14","Mulozi","Un pêcheur","_","active",
"576","14","Ulowa","Pêcher","_","active",
"577","14","Fii zisi Iisa","La pêche est bonne","_","active",
"578","14","Maji ya wendra","Un courant","_","active",
"579","14","Maji ya si vura","Il y a du courant","_","active",
"580","14","Vwa pevo","Il y a du vent","_","active",
"581","14","Pevo isi vuma","Le vent souffle","_","active",
"582","14","Lini kusi","C'est la saison sèche","_","active",
"583","14","Ini kashkazi","C'est la saison chaude","_","active",
"584","14","Daruba","Le cyclone","_","active",
"585","14","Vwa baridi","Il fait froid","_","active",
"586","14","Uona baridi","Avoir froid","_","active",
"587","14","Uvunguha","Diminuer","_","active",
"588","14","Utruliya","Se calmer","_","active",
"589","14","Wakati ubuzu","Le temps a changé","_","active",
"590","14","Vwa maluja","Il y a des vagues","_","active",
"591","14","Duja","Une vague","_","active",
"592","14","Yani maji ya uja","C'est la marée montante","_","active",
"593","14","Yanimaji ya uvwa","C'est la marée descendante","_","active",
"594","14","Bahari Hala","La mer est calme","_","active",
"595","14","Vuwa","La pluie","_","active",
"596","14","Vuwa isi nya","Il pleut","_","active",
"597","14","Tsi lowo","Je suis trempé","_","active",
"598","14","Ulowa","Etre trempé","_","active",
"599","14","Trosi","Une goutte","_","active",
"600","14","Mkakamba","Un arc-en-ciel","_","active",
"601","14","Vwa hari","Il fait chaud","_","active",
"602","14","Juwa la kali","Le soleil est ardent","_","active",
"603","14","Wingu","Le ciel","_","active",
"604","14","Wingu urahara","Le ciel est clair","_","active",
"605","14","Marikabu","Le bateau","_","active",
"606","14","Laka","La pirogue","_","active",
"607","14","Kasi","La (les) rame (s)","_","active",
"608","14","Gandro","Le balancier","_","active",
"609","14","Laka ya gandro","Une pirogue à balancier","_","active",
"610","14","Ngwe ya nanga","La corde (pour l'ancre)","_","active",
"611","14","Nanga","L'ancre","_","active",
"612","14","Laka i foroha","La pirogue est trouée","_","active",
"613","14","Laka iroro","La pirogue a chaviré","_","active",
"614","14","Avingwa na maji","Il est emporté par le courant","_","active",
"615","14","Mlongo","Une passe","_","active",
"616","14","Shisiwa","Un îlot","_","active",
"617","14","Rasi","Une presqu'île","_","active",
"618","14","Gambe","Un rocher","_","active",
"619","14","Kale","Un platier","_","active",
"620","14","Mwamba","Un récif","_","active",
"621","14","Tsandzal","Le rivage","_","active",
"622","14","Tsandzaleni","Sur le rivage","_","active",
"623","14","Mtsanga","Le sable","_","active",
"624","14","Mtsangani","A la plage","_","active",
"625","14","Fi","Un poisson","_","active",
"626","14","Tsehele","Un mérou","_","active",
"627","14","Papa","Le requin","_","active",
"628","14","Tra, kuba","La raie","_","active",
"629","14","Nyamba","La tortue","_","active",
"630","14","Pwedza","La pieuvre","_","active",
"631","14","Pwedza langisi","La seiche","_","active",
"632","14","Kamba diva","La langouste","_","active",
"633","14","Dadaka","Le crabe","_","active",
"634","14","Kokiyaji","Le coquillage","_","active",
"635","14","Bamuhe, halo dzatru baharini !","Beau-père, allons à la pêche!","_","active",
"636","14","Kusiwona ma vingu yale. Kusi kiya magunguma yao ?Aa, iyo vuwa mwandzani.","Tu ne vois pas ces nuages. Tu n'entends pas le tonnerre? Non, non, cela annonce de la pluie cher ami.","_","active",
"637","14","Wawe uriya sa. Laka yangu bole.","Oh, que tu es peureux! Ma pirogue est (assez) grande.","_","active",
"638","14"," Narendre ivo utsahao.","Ben, puisque tu y tiens, allons-y.","_","active",
"639","14","Basi endra zunguhe shambwi, wami narengue mkoba wa misi wangu.","Alors, vas chercher de l'appât. Moi,je vais prendre mon sac de pêche.","_","active",
"640","14","Ama usidele zikasi na inanga .","Surtout, n'oublie pas les rames et l'ancre.","_","active",
"641","15","Mtihanu","Un examen","_","active",
"642","15","Uvumuzi","Des vacances","_","active",
"643","15","Likoli zisibala","Les classes se terminent","_","active",
"644","15","Vakansi bole","Les grands vacances","_","active",
"645","15","Usomedza","Enseigner","_","active",
"646","15","Musomo","Le cours","_","active",
"647","15","Hisabu","Le calcul","_","active",
"648","15","Muhangishio","L'écriture","_","active",
"649","15","Uhangiha","Ecrire","_","active",
"650","15","Udzisa","Interroger","_","active",
"651","15","Udjibu","Répondre à","_","active",
"652","15","Usinidjibu !","Ne me réponds pas!","_","active",
"653","15","Usomahamu","Apprendre par cœur","_","active",
"654","15","Utiba","Copier","_","active",
"655","15","Udunga","Répéter","_","active",
"656","15","Uaridi","Réciter","_","active",
"657","15","Ufundriha","Apprendre","_","active",
"658","15","Uvumbua","Epeler","_","active",
"659","15","Uangiha ha","Une dictée","_","active",
"660","15","Kosa","Une faute","_","active",
"661","15","Uhasibu","Compter","_","active",
"662","15","Uengedza","Ajouter","_","active",
"663","15","Muengedzo","Addition","_","active",
"664","15","Mvungudziyo","Soustraction","_","active",
"665","15","Uvungudza","Soustraire","_","active",
"666","15","Uhasibu mara ata mara","Multiplier","_","active",
"667","15","Mwanyisio","Division","_","active",
"668","15","Uanyisioa","Diviser","_","active",
"669","15","Iyo nyangu","C'est facile","_","active",
"670","15","Iyo ndziro","C'est difficile","_","active",
"671","15","Deiyo","C'est juste, exact","_","active",
"672","15","Tsi de iyo","C'est faux","_","active",
"673","15","Himbo","Un chant","_","active",
"674","15","Uhimba","Chanter","_","active",
"675","15","Uheya klas ya ujuu","Passer en classe supérieure","_","active",
"676","15","Wanaziyoni","Les élèves","_","active",
"677","15","Mwana shiyoni","Un élève","_","active",
"678","15","Ujua","Savoir","_","active",
"679","15","Unahana","Se rappeler","_","active",
"680","15","Udala,","Oublier","_","active",
"681","15","Naankili","Intelligent","_","active",
"682","15","Mhodari harivua ...","Fort en","_","active",
"683","15","Bebe,daba","Un sot","_","active",
"684","15","Usirongowa mafitsi","Tu dis des bétises","_","active",
"685","15","shitswa bwe","Un cancre","_","active",
"686","15","Mfanyisi hazi","Un travailleur","_","active",
"687","15","Kana djitihadi","Il ne se donne pas la peine","_","active",
"688","15","Na sahau","Etourdi","_","active",
"689","15","Katruliya","Distrait","_","active",
"690","15","Mlala mishi","Négligent","_","active",
"691","15","Ulalamishi","La négligence","_","active",
"692","15","Waye utsambadza zitru zahe","Il laisse traîner ses affaires","_","active",
"693","15","Waye kana hila","Il est sans problème","_","active",
"694","15","Waye mbabufu","Il est bavard","_","active",
"695","15","Utriya keme","Faire du bruit","_","active",
"696","15","Ufunga","Punir","_","active",
"697","15","Waye uhoma uja","Il arrive en retard","_","active",
"698","15","Waye mtrazi (wa likoli)","Il fait l'école buissonnière","_","active",
"699","15","Utwali sura zahe","Apprendre ses leçons","_","active",
"700","15","Waye katwali","Il n'apprend pas","_","active",
"701","15","Shitswashi","Têtu","_","active",
"702","15","Kakiya","Insolent","_","active",
"703","15","Ufunga","Garder en retenue","_","active",
"704","15","Uswaliti mutru","Signaler la bêtise de qqn","_","active",
"705","15","Urema shengwe","Fouetter","_","active",
"706","15","Urema pii","Giffler","_","active",
"707","15","Uferesheya","Féliciter","_","active",
"708","15","Tsi hu fereshea !","Félicitations!","_","active",
"709","15","Ndzukundru","Rouge","_","active",
"710","15","Davu, murututu","Vert","_","active",
"711","15","Ndjeu, ngeu","Blanc","_","active",
"712","15","Dzindzano","Jaune","_","active",
"713","15","Ndzidu","Noir","_","active",
"714","15","Bile","Bleu","_","active",
"715","15","Range","Les couleurs","_","active",
"716","16","Uoha","Griller","_","active",
"717","16","Mako ya sharibo","Le réchaud à charbon","_","active",
"718","16","Wuma","La grille","_","active",
"719","16","Siyo","Le seau","_","active",
"720","16","Moro","Le feu","_","active",
"721","16","Uvudza moro","Allumer le feu","_","active",
"722","16","Maha","La braise","_","active",
"723","16","Vu","La cendre","_","active",
"724","16","Uvumbiha","Cuire sous la cendre","_","active",
"725","16","Na mwendre mwa zunguhe kuni !","Allez chercher du bois mort !","_","active",
"726","16","Furampe la ohwa","Du fruit à pain grillé","_","active",
"727","16","Uhua mhogo","Eplucher du manioc","_","active",
"728","16","Uvuhura mhogo","Croquer du manioc","_","active",
"729","16","Shijavu","Une noix de coco vert","_","active",
"730","16","Nadzi","Une noix de coco sec","_","active",
"731","16","Upatsa putu","Tremper (un aliment) dans du piment","_","active",
"732","16","Utsera shingo","Ecraser du sel","_","active",
"733","16","Utriya/Uengeza putu","Ajouter du piment","_","active",
"734","16","Utriya ndrimu","Ajouter du citron","_","active",
"735","17","Ukaribisha mutru","Faire entrer quelqu'un","_","active",
"736","17","Karibu!","Entrez!","_","active",
"737","17","Uketsi","S'asseoir","_","active",
"738","17","Uketsisa mutru","Asseoir quelqu'un","_","active",
"739","17","Shiri","Une chaise","_","active",
"740","17","Rido","Un rideau","_","active",
"741","17","Bangani","Dans la cuisine","_","active",
"742","17","Bako","Un foyer","_","active",
"743","17","Nyungu","Une marmite","_","active",
"744","17","Sahani","L'assiette","_","active",
"745","17","Sutru","La cuillère","_","active",
"746","17","Bakuli","Un bol","_","active",
"747","17","Shikombe","Une tasse","_","active",
"748","17","Ziya","La vaisselle","_","active",
"749","17","Uhosa ziya","Faire la vaisselle","_","active",
"750","17","Ufua","Laver","_","active",
"751","17","Uaniha","Faire sécher","_","active",
"752","17","Upasi","Repasser","_","active",
"753","17","Fera ya upasi","Un fer à repasser","_","active",
"754","17","Nisipasi zi nguo","Je repasse le linge","_","active",
"755","17","Uvudza moro","Allumer le feu","_","active",
"756","17","Upatsa zalimeti","Frotter une allumette","_","active",
"757","17","Uvala moro","Aller chercher du feu, des braises ","_","active",
"758","17","Uzima moro","Eteindre","_","active",
"759","17","Shizinga","Un tison","_","active",
"760","17","Utsotseya moro","Attiser le feu","_","active",
"761","17","Maha","La braise","_","active",
"762","17","Mwesi","La fumée","_","active",
"763","17","Jenge, zipepe","Une étincelle","_","active",
"764","17","Vu","La cendre","_","active",
"765","17","Upiha","Faire la cuisine","_","active",
"766","17","Uvahua","Servir le repas","_","active",
"767","17","Urohotsa trovi","Faire bouillir la banane","_","active",
"768","17","Uvangua sahani","Essuyer les assiettes","_","active",
"769","17","Fuko","La chambre","_","active",
"770","17","Fuko la watru mama","La chambre qui donne sur la cour","_","active",
"771","17","Fuko la watru baba","La chambre qui donne sur l'extérieur","_","active",
"772","17","Shitrandra","Le lit","_","active",
"773","17","Shitrandra ya mwana","Le lit de l'enfant","_","active",
"774","17","Godoro","Le matelas","_","active",
"775","17","Uhodza shtrandra","Faire un lit","_","active",
"776","17","Dara ya uvishiya","Un drap de dessus","_","active",
"777","17","Dara ya shtrandra","Un couvre-lit","_","active",
"778","17","Mtsao","Un oreiller","_","active",
"779","17","Mustakera","La moustiquaire","_","active",
"780","17","Uvera dara","Plier le drap","_","active",
"781","17","Mraba wa sho","Le lieu de la toilette","_","active",
"782","17","Sindrasi","Le cabinet de toilette","_","active",
"783","17","Sabuni","Un savon","_","active",
"784","17","Uhoa","Se doucher","_","active",
"785","17","Udzihosa","Se laver","_","active",
"786","17","Utsamba","Se laver les fesses","_","active",
"787","17","Upangua","Se torcher","_","active",
"788","17","Udzivangua","S'essuyer","_","active",
"789","17","Mswaki","Une brosse à dent","_","active",
"790","17","Mutru na swaki asubuhi","Qu'on se brosse les dents le matin","_","active",
"791","17","Ukutsua","Se gargariser","_","active",
"792","17","Umeya ndrevu","Se raser","_","active",
"793","17","Utsana nyole","Se peigner","_","active",
"794","17","Ushewa","Faire la grasse matinée","_","active",
"795","17","Uandzamua","Bailler","_","active",
"796","17","Udzinyongoa","S'étirer","_","active",
"797","17","Uhima","Se lever","_","active",
"798","17","Uhima fetre","Passer une bonne nuit","_","active",
"799","17","uhundza","Balayer","_","active",
"800","17","Peo","Le balai","_","active",
"801","17","Utoa trandrabwibwi","Enlever les toiles d'araignée","_","active",
"802","17","Uhukutra","Epousseter","_","active",
"803","17","Vurahara!","C'est propre !","_","active",
"804","17","Vwa tsama!","Il y a des saletés ","_","active",
"805","18","Mundra","Un champ","_","active",
"806","18","Ulima","Cultiver","_","active",
"807","18","Mulimizi","Un cultivateur","_","active",
"808","18","Malavu","Les mauvaises herbes","_","active",
"809","18","Ukokotsa","Désherber","_","active",
"810","18","Mwiri","Arbre","_","active",
"811","18","Miri","Les arbres","_","active",
"812","18","Utriya moro","Mettre le feu","_","active",
"813","18","Musi triye moro !","Ne mettez pas le feu!","_","active",
"814","18","Utabu","Planter","_","active",
"815","18","Utsimba","Creuser","_","active",
"816","18","Ngama","Un trou","_","active",
"817","18","Ufitsiya","Combler","_","active",
"818","18","Shamba","Une propriété","_","active",
"819","18","Shiunga","Un coin de terre","_","active",
"820","18","Shombo","Le coupe-coupe (mahorais)","_","active",
"821","18","Upanga","Le coupe- coupe","_","active",
"822","18","Ukatra","Couper","_","active",
"823","18","Udzitsindza","Se couper","_","active",
"824","18","Soha","La hache","_","active",
"825","18","Urema soha","Hacher","_","active",
"826","18","Upasua kuni","Casser du bois mort","_","active",
"827","18","Upua","Cueillir","_","active",
"828","18","Nyunyi","Un (les) oiseau (x)","_","active",
"829","18","Bibi","Un insecte","_","active",
"830","18","Mabibi","Des insectes","_","active",
"831","18","Ndzi","Une mouche","_","active",
"832","18","Uveuha","Voler, voltiger","_","active",
"833","18","Shijajaha, pelapelaka","Un papillon","_","active",
"834","18","Bibimangidi","Une chenille","_","active",
"835","18","Dantra","La sauterelle","_","active",
"836","18","Tsusu","Une fourmi","_","active",
"837","18","Vungo vungo","Une guêpe","_","active",
"838","18","Nyoshi","Une (un essaim) abeille","_","active",
"839","18","Ngizi","Le miel","_","active",
"840","18","Urema","Piquer","_","active",
"841","18","Dundri","Le moustique","_","active",
"842","18","Kowa","Un (des) escargot (s)","_","active",
"843","18","Mjengwe","Un ver","_","active",
"844","18","Trendrabwibwi","Une araignée","_","active",
"845","18","Nyumba ya trendrabwibwi","Une toile d'araignée","_","active",
"846","18","Trambwi","Un scolopendre","_","active",
"847","18","Trutri","La souris","_","active",
"848","18","Pubu","Le rat","_","active",
"849","18","Gawa","Un corbeau","_","active",
"850","18","Kwezi","Un aigle","_","active",
"851","18","Ndrema","Une chauve-souris","_","active",
"852","18","Kilandi","Un pique-boeuf","_","active",
"853","18","Mtsunga nyombe","Un bouvier","_","active",
"854","18","Bwindri","Le hibou","_","active",
"855","18","Ndiwa","Un pigeon","_","active",
"856","18","Vero","Un moineau","_","active",
"857","18","Nyombe","Le zébu","_","active",
"858","18","Baribari","Le mouton","_","active",
"859","18","Mbuzi","Le cabri","_","active",
"860","18","Pondra","L'âne","_","active",
"861","18","Poroku","Le porc","_","active",
"862","18","Mbwa","Le chien","_","active",
"863","18","Mlima","La montagne","_","active",
"864","18","Bandra","Une plaine","_","active",
"865","18","Uheya, upandra mlima","Escalader une montagne","_","active",
"866","18","Tsa","Le sommet","_","active",
"867","18","Mrama","Le maïs","_","active",
"868","18","Trovi","La banane","_","active",
"869","18","Mele","Le paddy","_","active",
"870","18","Munadzi","Le cocotier","_","active",
"871","18","Nadzi","Le coco sec","_","active",
"872","18","Shijavu","Le coco vert","_","active",
"873","18","Fenesi","Le jaque","_","active",
"874","19","Mwana","Un enfant","_","active",
"875","19","Mwana zaza, mwana mtiti","Un bébé","_","active",
"876","19","Udza","Accoucher","_","active",
"877","19","Baba","Le père","_","active",
"878","19","baba kambo","Le beau père ","_","active",
"879","19","Marna","La mère","_","active",
"880","19","Mama kambo","La belle mère","_","active",
"881","19","Wadzade","Les parents","_","active",
"882","19","Wa duhazi","Les grands-parents","_","active",
"883","19","Mwananya (mtro-baba)","Un frère","_","active",
"884","19","Wengi","Nombreux","_","active",
"885","19","Mwananya mtiti","Le petit frère","_","active",
"886","19","Bakoko","Le grand-père","_","active",
"887","19","Koko","La grand-mère","_","active",
"888","19","Mjuhu","Le petit-fils","_","active",
"889","19","Shilembwe","L'arrière petit-fils","_","active",
"890","19","Mwana mtrubaba","Un fils","_","active",
"891","19","Mwana mtrumama","Une fille","_","active",
"892","19","Yatima","Un (e) orphelin (e)","_","active",
"893","19","Zama","Un oncle (frère de la mère)","_","active",
"894","19","Babatiti","Un oncle (petit frère du père)","_","active",
"895","19","Bababole","Un oncle (grand frère du père)","_","active",
"896","19","Zena","Une tante (la femme de Zama)","_","active",
"897","19","Mamatiti","Une tante (la petite soeur de la mère)","_","active",
"898","19","Mamabole","Une tante (grande soeur de la mère)","_","active",
"899","19","Ngivavi","Une tante (soeur du père)","_","active",
"900","19","Mdjemaza","Un proche","_","active",
"901","19","Mwananya","Le cousin (e)","_","active",
"902","19","Mwananyangu wa trombo moja","Le frère de mon père et de la même mère","_","active",
"903","19","Mtro'me","Le mari","_","active",
"904","19","Mtro'mshe","L'épouse","_","active",
"905","19","Mtrubaba","L'homme","_","active",
"906","19","Mtrumama","La femme","_","active",
"907","19","Bamuhe","Le beau père","_","active",
"908","19","Nyadza","La belle mère","_","active",
"909","19","Mtsumba","Un (e) célibataire","_","active",
"910","19","Zuki","Grand (e) frère, sœur","_","active",
"911","19","Mbole","Grand (e)","_","active",
"912","19","Wana wa mbiliju","Des jumeaux","_","active",
"913","19","Malezi","L'éducation","_","active",
"914","19","Ushahiliha na uwana wahe","S'occuper de ses enfants","_","active",
"915","19","Uleya","Elever","_","active",
"916","19","Na mastaha","Respectueux, bien élevé","_","active",
"917","19","Mwana mwema","Un gentil enfant","_","active",
"918","19","Ureredzeya mwana","Gâter un enfant","_","active",
"919","19","Babangu wa peu","Mon père est sévère","_","active",
"920","19","Na hila","Il est peu indulgent","_","active",
"921","19","Uhidhiya mwana","Conseiller un enfant","_","active",
"922","19","Ufundra","Gronder","_","active",
"923","19","Ufungwa!","Tu es puni!","_","active",
"924","19","Na andhabu","Poli","_","active",
"925","19","Na hanyo","Grossier","_","active",
"926","19","Uvendza","Aimer","_","active",
"927","19","Ubusu","Embrasser","_","active",
"928","19","Uswamihi","Pardonner","_","active",
"929","19","Swamahani!","Pardon!","_","active",
"930","19","Wandzani","Les amis","_","active",
"931","19","Mwandzani","Une connaissance, un ami","_","active",
"932","19","Unu mwandzani wangu","C'est mon ami, copain","_","active",
"933","19","Ufunga uwandzani","Se lier d'amitié","_","active",
"934","19","Mdjeni","Un invité, un hôte","_","active",
"935","19","Ukaribisha","Accueillir","_","active",
"936","19","Amira","Elle est enceinte","_","active",
"937","19","Dzina","Le nom","_","active",
"938","19","Shekedzo","Un surnom","_","active",
"939","19","Urangiya","Courtiser","_","active",
"940","19","Urumidza","Fiancer","_","active",
"941","19","Mtsumba","Un homme ou une femme non marié(e)","_","active",
"942","19","Ndrola","Un mariage","_","active",
"943","19","Harusi","La noce","_","active",
"944","19","VIola","Epouser (pour un homme)","_","active",
"945","19","Bwana harusi","Le marié","_","active",
"946","19","Ufungiya","Se marier (devant un cadi)","_","active",
"947","19","Ufunguwa","Divorcer","_","active",
"948","19","Ufa","Mourir","_","active",
"949","20","Wakati","Le temps","_","active",
"950","20","Lera ingiy/Wakati ungiya","C'est l'heure","_","active",
"951","20","Hale (oho) Zamani","Autrefois","_","active",
"952","20","Leo","A présent","_","active",
"953","20","Avasa vanu","Maintenant","_","active",
"954","20","Trongo za leo","L'actualité","_","active",
"955","20","Mayesha ya meso","L'avenir","_","active",
"956","20","Meso","Demain","_","active",
"957","20","Wakati usu vira/Wakati usendra","Le temps passe","_","active",
"958","20","Haraka","Rapidement","_","active",
"959","20","Vole vole","Lentement","_","active",
"960","20","Uhoma","Traîner","_","active",
"961","20","Dakika ngavi ?","Combien de temps faut-il?","_","active",
"962","20","Tsi hale vanu","Récemment","_","active",
"963","20","Tsi hale","Bientôt","_","active",
"964","20","Wa handra","Le premier","_","active",
"965","20","Rabuzi","D'abord","_","active",
"966","20","Ya karibu","Le temps s'approche","_","active",
"967","20","Wakati wa uendra","Il est grand temps de partir","_","active",
"968","20","Narilishe ata meso","Remettons cela à demain","_","active",
"969","20","Waye uvitsa wakati wahe ha ubabuha","Il passe son temps à bavarder","_","active",
"970","20","Usilatsa wakati (waho)","Tu perds ton temps","_","active",
"971","20","Ukana wakati","Avoir le temps","_","active",
"972","20","Wami uja na mapema","Je viens de bonne heure","_","active",
"973","20","Uhoma","Tarder","_","active",
"974","20","Wakati wangina","Plus tard","_","active",
"975","20","Wakati usongo","Le temps presse","_","active",
"976","20","Montro wangu usendra mbiyo","Ma montre est en avance","_","active",
"977","20","Montro wangu uziya","Ma montre s'est arrêtée","_","active",
"978","20","Montro wangu ka usendra","Ma montre ne marche pas","_","active",
"979","20","Wakati uendrao","Le temps qui passe","_","active",
"980","20","Dakika","Une minute","_","active",
"981","20","Nukuta","Une seconde","_","active",
"982","20","Harmwa nusu lera","Dans une demi-heure","_","active",
"983","20","Lera wa nusu","Une heure et demie","_","active",
"984","20","Ra lera trini","Quelle heure est-il?","_","active",
"985","20","Rangu sa ya handra","Depuis 6 h 00","_","active",
"986","20","Ini ina lera traru rangu ni lindrao","Cela fait 3 h que j'attends","_","active",
"987","20","Wami upara (ulivwa) riyali thalathini lera","Je gagne 3 F de l'heure","_","active",
"988","20","Kula sa...","A chaque fois....","_","active",
"989","20","Lera mbili tsena","Deux heures de plus","_","active",
"990","20","Kula suku","Chaque jour","_","active",
"991","20","Kula mfumo","Chaque semaine","_","active",
"992","20","Kula mwezi","Chaque mois","_","active",
"993","20","Kula mwaha","Chaque année","_","active",
"994","20","Mara moja","Une fois","_","active",
"995","20","Kula mwezi wa raru","Chaque trimestre","_","active",
"996","20","Kula mwezi wa sita","Chaque semestre","_","active",
"997","20","Mwezi ubuha","C'est la nouvelle lune","_","active",
"998","20","Mwezi ufu","C'est la fin du mois","_","active",
"999","20","Ukwari na mtsana","La nuit et le jour","_","active",
"1000","20","Utowa wakati","Dire l'heure","_","active",
"1001","20","Uku ushe","Le jour se lève","_","active",
"1002","20","Jua libuha","Le soleil s'est levé","_","active",
"1003","20","heu","La lumière du jour","_","active",
"1004","20","Jua litso","Le soleil s'est couché","_","active",
"1005","20","Jua lahimo heya","Au lever du soleil","_","active",
"1006","20","Jua lahimotswa","Au coucher du soleil","_","active",
"1007","20","Vwa shidza","Il fait sombre","_","active",
"1008","20","Shidzani","Dans l'obscurité","_","active",
"1009","20","Uku ungiya","La nuit est tombée","_","active",
"1010","20","Ra uku","Il fait nuit","_","active",
"1011","20","Ukwari","Dans la nuit","_","active",
"1012","20","Lini?","Quand, quel jour ?","_","active",
"1013","20","Leo","Aujourd'hui","_","active",
"1014","20","Meso","Demain","_","active",
"1015","20","Mrondro/bada meso","Dans deux jours","_","active",
"1016","20","Jana","Hier","_","active",
"1017","20","Zuzi","Avant-hier","_","active",
"1018","20","Zuzi ya shimaore","Un passé plus ou moins récent","_","active",
"1019","20","Mfumo","Une semaine","_","active",
"1020","20","Mfumo ujao","La semaine prochaine","_","active",
"1021","20","Suku ya vili","Le jour suivant","_","active",
"1022","20","Mwahani","L'année prochaine","_","active",
"1023","20","Mwaha jana","L'année dernière","_","active",
"1024","20","Maha ya vira","Les années passées","_","active",
"1025","20","Mwezi unu","Le mois courant","_","active",
"1026","20","Una maha mingavi?","Quel âge avez-vous?","_","active",
"1027","20","Tsina maha kumi na mili","J'ai 12 ans","_","active",
"1028","20","Mufumo raru","Lundi","_","active",
"1029","20","Mfuonne","Mardi","_","active",
"1030","20","Mfumotsano","Mercredi","_","active",
"1031","20","Yahowa","Jeudi","_","active",
"1032","20","Djumwa","Vendredi","_","active",
"1033","20","Mfumotsi","Samedi","_","active",
"1034","20","Mfumovili","Dimanche","_","active",
"1035","21","Kula sa.","A chaque fois.","_","active",
"1036","21","Lisha ubishi !","Arrête tes plaisanteries!","_","active",
"1037","21","Fahamu!","Attention!","_","active",
"1038","21","Ziya rabuzi !","Attends d'abord!","_","active",
"1039","21","Haraka mwidzi !","Au secours, au voleur !","_","active",
"1040","21","Ba'si!","Bien sûr!","_","active",
"1041","21","Karibu!","Bienvenue!","_","active",
"1042","21","Sterehi!","Bon appétit !","_","active",
"1043","21","Mwaha mwema !","Bonne année !","_","active",
"1044","21","Uku wa hairi !","Bonne nuit!","_","active",
"1045","21","Kaina mana!","Ca ne sert à rien!","_","active",
"1046","21","Kaya ntriya shuhuli !","Cela m'est égal !","_","active",
"1047","21","Iyo titi!","C'est petit!","_","active",
"1048","21","Iyo bole!","Cest gros!","_","active",
"1049","21","De namne iyo !","C'est comme ça !","_","active",
"1050","21","Buledi!","Chéri(e) (flirt) !","_","active",
"1051","21","Kisaje?","Combien (argent) ?","_","active",
"1052","21","Ngavi?","Combien (objet) ?","_","active",
"1053","21","Namshuke vavo !","Descendez de là !","_","active",
"1054","21","Nimbe!","Donne-moi!","_","active",
"1055","21","Nimbe tsena!","Donne-m'en encore!","_","active",
"1056","21","Sabu usinijuwa ?","Est-ce que tu me (re)connais ?","_","active",
"1057","21","Wawe ulaguwa shifarantsa ?","Est-ce que tu parles français?","_","active",
"1058","21","Bassi irendreni ?","Et alors?","_","active",
"1059","21","Trambo!","Faux!","_","active",
"1060","21","Fmwa lape!","Fiche-moi la paix !","_","active",
"1061","21","Mwana haramu !","Fils de pute!","_","active",
"1062","21","Izo trambo!","C'est faux!","_","active",
"1063","21","Endra natsi !","Hors de ma vue !","_","active",
"1064","21","Waye na mashindrano.","Il aime les rivalités.","_","active",
"1065","21","Aharaya!","Il a refusé!","_","active",
"1066","21","Asuona wivu.","Il envie.","_","active",
"1067","21","Wanyahe wamtrala.","Il est déboussolé.","_","active",
"1068","21","Ajaya hasera.","Il est en colère.","_","active",
"1069","21","Waye kana adhabu.","Il est impoli.","_","active",
"1070","21","Waye na ngoma.","Il est jaloux (couple).","_","active",
"1071","21","Vwa hari!","Il fait chaud!","_","active",
"1072","21","Vwa baridi!","Il fait froid !","_","active",
"1073","21","Asihana!","Il ment!","_","active",
"1074","21","Waye udzikaza.","Il se croit.","_","active",
"1075","21","Uenyesa/nonesa","Indiquer","_","active",
"1076","21","Tsa kubali!","Je ne suis pas d'accord!","_","active",
"1077","21","Tsa na wawe djira !","Je suis avec toi ami!","_","active",
"1078","21","Nisi riya.","J'ai peur.","_","active",
"1079","21","Tsisi maizi !","Je ne me souviens pas!","_","active",
"1080","21","Tsi subutu.","Je n'oserais pas.","_","active",
"1081","21","Tsi kubali !","Je suis d'accord !","_","active",
"1082","21","Nisuhu vendza swafi !","Je t'aime (beaucoup) !","_","active",
"1083","21","Nisuhu laviya !","Je te le jure!","_","active",
"1084","21","Nisuhu laviya na Mungu!","Je te le jure au nom de Dieu!","_","active",
"1085","21","Lisha malambe !","Laisse tes bêtises !","_","active",
"1086","21","Nilishe dzangu !","Laisse-moi tranquille!","_","active",
"1087","21","Masikini!","Le pauvre!","_","active",
"1088","21","Tsao!","Les voilà ! (personnes)","_","active",
"1089","21","Habari za dunia","Les nouvelles du monde","_","active",
"1090","21","Afa oka havi ?","Mais où étais-tu ?","_","active",
"1091","21","Afa uja Iini mwa ?","Mais quand es-tu arrivé?","_","active",
"1092","21","Uri mwananyangu !","Ma parole!","_","active",
"1093","21","Nifahamu!","Méfie -toi de moi!","_","active",
"1094","21","Mfahamu!","Méfie-toi de lui!","_","active",
"1095","21","Munafiki !","Menteur !","_","active",
"1096","21","Borwa nirue !","Mieux vaux que je me taise!","_","active",
"1097","21","Ne?","N'est-ce pas?","_","active",
"1098","21","Endra oho!","N'importe quoi / va t'en!","_","active",
"1099","21","Ra hashiri!","Nous sommes vigilants!","_","active",
"1100","21","Tsasi!","Nous voici!","_","active",
"1101","21","Simila!","Pardon!","_","active",
"1102","21","Nisu miya ndziya !","Je demande à passer!","_","active",
"1103","21","Tsa kiya.","Je n'ai pas entendu.","_","active",
"1104","21","Mana trini?","Pourquoi?","_","active",
"1105","21","Mana ...","Parce que...","_","active",
"1106","21","Wanyawe, Iini juwa!","Quelle chaleur !","_","active",
"1107","21","Usifikiri trini ?","Que penses-tu ?","_","active",
"1108","21","Uregeya","Retourner","_","active",
"1109","21","Shonga ( sha madzi) !","Sale maudit !","_","active",
"1110","21","Jeje!","Salut!","_","active",
"1111","21","Kwaheri!","Salut! (au revoir)","_","active",
"1112","21","Mkini!","Sans doute!","_","active",
"1113","21","Ulatsiha","S'égarer","_","active",
"1114","21","Ne(hi)ka mungu avendze!","S'il plaît à Dieu!","_","active",
"1115","21","Lawa vanu!","Sors d'ici!","_","active",
"1116","21","Lawa vavo!","Sors de là!","_","active",
"1117","21","Wawedaba?","T'es bête ou quoi?","_","active",
"1118","21","Wawe una masera?","T'es fou ou quoi?","_","active",
"1119","21","Buriha zi!","Tais-toi!","_","active",
"1120","21","Wawe mutru wa peu!","Tu es méchant !","_","active",
"1121","21","Wawe u laguwa shi Faransa?","Tu parles Français?","_","active",
"1122","21","Wawe udzi rendra?","Tu te prends pour qui?","_","active",
"1123","21","Utsoona!","Tu vas voir!","_","active",
"1124","21","Endra dzaho !","Vas-t-en !","_","active",
"1125","21","Ko!","Viens!","_","active",
"1126","21","Ko angaliye !","Viens voir!","_","active",
"1127","21","Pwanye ngwezi !","Zut!","_","active",
"1128","21","Baada","Après","_","active",
"1129","21","Kabula","Avant","_","active",
"1130","21","Mwandrisoni","Au début","_","active",
"1131","21","Mwisoni","A la fin","_","active",
"1132","21","Leo","Aujourd'hui","_","active",
"1133","21","Wajau","Aussi","_","active",
"1134","21","Zamani, Hale","Autrefois","_","active",
"1135","21","Ndjema","Bien","_","active",
"1136","21","Ha uhafula","Brusquement","_","active",
"1137","21","Sawasawa","Comparable","_","active",
"1138","21","Meso","Demain","_","active",
"1139","21","Volevole","Doucement","_","active",
"1140","21","Tsena","Egalement","_","active",
"1141","21","Ha mustaswari","En bref","_","active",
"1142","21","Alihaswili","En général","_","active",
"1143","21","Alafu","Ensuite","_","active",
"1144","21","Avasa","Maintenant","_","active",
"1145","21","Ha bahati","Par chance","_","active",
"1146","21","Sawa","Pareil","_","active",
"1147","21","Labda / Mkini","Peut-être","_","active",
"1148","21","Ha uharaka","Rapidement","_","active",
"1149","21","Haswa","Surtout","_","active",
"1150","21","Daima","Toujours","_","active",
"1151","21","Hasibabu ya","A cause de","_","active",
"1152","21","Kabula ya","Avant de","_","active",
"1153","21","Na","Avec/ et","_","active",
"1154","21","Rangu","Depuis","_","active",
"1155","21","Basi","Donc/ Ensuite","_","active",
"1156","21","Sawa na","Egal à","_","active",
"1157","21","Hairi ya mungu","Grâce à Dieu","_","active",
"1158","21","Ata","Jusqu'à","_","active",
"1159","21","Mbali na","Loin de","_","active",
"1160","21","Be,lakini","Mais","_","active",
"1161","21","Wala","Ni","_","active",
"1162","21","Au","Ou/Ou bien","_","active",
"1163","21","Karibu na","Près de","_","active",
"1164","21","Ila","Sauf","_","active",
"1165","22","Usikidza","Accuser","_","active",
"1166","22","Ukubali","Accepter","_","active",
"1167","22","Udza","Accoucher","_","active",
"1168","22","Ukaribisha","Accueillir","_","active",
"1169","22","Ununua","Acheter","_","active",
"1170","22","Usayidia","Aider","_","active",
"1171","22","Uengedza","Ajouter","_","active",
"1172","22","Uondzoa","Allonger","_","active",
"1173","22","Upatsa","Allumer","_","active",
"1174","22","Umaizi","Apercevoir","_","active",
"1175","22","Uhira","Appeler","_","active",
"1176","22","Utwali","Apprendre (leçon)","_","active",
"1177","22","Uvosheya","Arracher de force","_","active",
"1178","22","Urengeledza","Arranger, réparer","_","active",
"1179","22","Uziya","Arrêter","_","active",
"1180","22","Uwasili","Arriver, être arrivé","_","active",
"1181","22","Uvakuwa","Attraper","_","active",
"1182","22","Uandzamua","Bailler","_","active",
"1183","22","Ububua","Battre","_","active",
"1184","22","Ubabuha","Bavarder","_","active",
"1185","22","Unwa","Boire","_","active",
"1186","22","Ukatra, Ukutruwa","Casser","_","active",
"1187","22","Uzunguha","Chercher","_","active",
"1188","22","Utsahuwa","Choisir","_","active",
"1189","22","Ufitsiya","Combler (un trou)","_","active",
"1190","22","Uandrisa","Commencer","_","active",
"1191","22","Uelewa","Comprendre","_","active",
"1192","22","Uhasibu","Compter","_","active",
"1193","22","Ujua","Connaître, savoir","_","active",
"1194","22","Ukatra / Ukatriliya","Contourner","_","active",
"1195","22","Uhadisi","Converser (parler avec quelqu'un)","_","active",
"1196","22","Ukatra","Couper","_","active",
"1197","22","Urangiya","Courtiser","_","active",
"1198","22","Ulatsa keme","Crier","_","active",
"1199","22","Uvuhura","Croquer","_","active",
"1200","22","Udzisa","Demander","_","active",
"1201","22","Uviriya","Dépasser","_","active",
"1202","22","Uvungudza","Diminuer","_","active",
"1203","22","Urongowa","Dire","_","active",
"1204","22","Uhadisi","Discuter","_","active",
"1205","22","Uanyisa","Diviser","_","active",
"1206","22","Ufungua","Divorcer","_","active",
"1207","22","Uva","Donner","_","active",
"1208","22","Ulala","Dormir","_","active",
"1209","22","Ubadili","Echanger","_","active",
"1210","22","Uvulikiya","Ecouter","_","active",
"1211","22","Utseresa, Utsera","Ecraser","_","active",
"1212","22","Uangiha","Ecrire","_","active",
"1213","22","Upashiya","Embarquer","_","active",
"1214","22","Ubusu","Embrasser","_","active",
"1215","22","Usomedza","Enseigner","_","active",
"1216","22","Ukiya","Entendre","_","active",
"1217","22","Uvanguwa","Essuyer","_","active",
"1218","22","Ulemewa","Etre fatigué","_","active",
"1219","22","Ushanga","Etre inquiet","_","active",
"1220","22","Ueledza","Expliquer","_","active",
"1221","22","Utriya keme","Faire du bruit","_","active",
"1222","22","Urohotsa","Faire bouillir","_","active",
"1223","22","Ukaribisha","Faire entrer","_","active",
"1224","22","Utriya ringa","Faire un croc-en-jambe","_","active",
"1225","22","Uaniha","Faire sécher","_","active",
"1226","22","UbaIa","Fermer","_","active",
"1227","22","Uhisa","Finir, terminer","_","active",
"1228","22","Upara","Gagner","_","active",
"1229","22","Urengeleya","Garder l'équilibre","_","active",
"1230","22","Useleya","Glisser","_","active",
"1231","22","Uzihira","Guérir","_","active",
"1232","22","Utriya shuhuli","Intéresser","_","active",
"1233","22","Udzisa","Interroger","_","active",
"1234","22","Ungadza","Jouer","_","active",
"1235","22","Utsana","Mâcher","_","active",
"1236","22","Ubamisa","Mettre K.O","_","active",
"1237","22","Uheya","Monter","_","active",
"1238","22","Ueleya","Nager","_","active",
"1239","22","Usubutu","Oser","_","active",
"1240","22","Udala","Oublier","_","active",
"1241","22","Ubuwa","Ouvrir","_","active",
"1242","22","Uswamihi","Pardonner","_","active",
"1243","22","Ulagua","Parler","_","active",
"1244","22","Uvahua","Partager (repas)","_","active",
"1245","22","Usinya","Pincer, presser","_","active",
"1246","22","Utabu","Planter","_","active",
"1247","22","Usukuma","Pousser","_","active",
"1248","22","Uazima","Prêter","_","active",
"1249","22","Uramba","Ramper","_","active",
"1250","22","Uswaliti","Rapporter (pour provoquer une dispute)","_","active",
"1251","22","Uwaridi","Réciter","_","active",
"1252","22","Uandrisa","Recommencer","_","active",
"1253","22","Uangaliya","Regarder","_","active",
"1254","22","Udjibu","Répondre","_","active",
"1255","22","Umidza mutru","Lever quelqu'un","_","active",
"1256","22","Upasi","Repasser","_","active",
"1257","22","Utruliya","Rester tranquille","_","active",
"1258","22","Uregeya","Revenir","_","active",
"1259","22","Uyezi","Saluer","_","active",
"1260","22","Uziya","Arrêter","_","active",
"1261","22","Uketsi","S'asseoir","_","active",
"1262","22","Uaruka","Sauter","_","active",
"1263","22","Utsengeleya","S'avancer","_","active",
"1264","22","Ujua","Savoir","_","active",
"1265","22","Ukadza matso","Scruter des yeux","_","active",
"1266","22","Udzama","Se cacher","_","active",
"1267","22","Ukatriha","Se couper","_","active",
"1268","22","Udzivangua","S'essuyer","_","active",
"1269","22","Udzinyongoa","S'étirer","_","active",
"1270","22","Utsotsoa","Se frayer un chemin","_","active",
"1271","22","Ukutsua","Se gargariser","_","active",
"1272","22","Utsamba","Se torcher (eau)","_","active",
"1273","22","Upangua","Se torcher (sans eau)","_","active",
"1274","22","Upindra","S'habiller","_","active",
"1275","22","Ufundriha","S'initier","_","active",
"1276","22","Udzua","Soulever","_","active",
"1277","22","Uvungudza","Soustraire","_","active",
"1278","22","Utsana nyole","Se peigner","_","active",
"1279","22","Uduburiya","Se précipiter","_","active",
"1280","22","Usimamiya","Se presser","_","active",
"1281","22","Utembeya","Se promener","_","active",
"1282","22","Utsengeleya","Se rapprocher","_","active",
"1283","22","Uvumua","Se reposer","_","active",
"1284","22","Utsambaliha","Se séparer (groupe)","_","active",
"1285","22","Ulimbala","Se tenir debout","_","active",
"1286","22","Uvavatsa","Tâtonner","_","active",
"1287","22","Ushiya","Traverser","_","active",
"1288","22","Upara","Trouver","_","active",
"1289","22","Utanga","Vadrouiller","_","active",
"1290","22","Uja","Venir","_","active",
"1291","22","Ubuhudza","Verser","_","active",
"1292","22","Uveuha","Voler (air)","_","active",
"1293","23","Uvidza","Aider","_","active",
"1294","23","Uendra","Aller","_","active",
"1295","23","Uusa","Allonger quelqu'un","_","active",
"1296","23","Uvudza moro","Allumer","_","active",
"1297","23","Usoma","Apprendre","_","active",
"1298","23","Ufunga","Attacher, jeûner","_","active",
"1299","23","Usika","Attraper","_","active",
"1300","23","Umedza","Avaler","_","active",
"1301","23","Uona ndza","Avoir faim","_","active",
"1302","23","Ukodza","Avoir mal","_","active",
"1303","23","Uona nyora","Avoir soif","_","active",
"1304","23","Uhundza","Balayer","_","active",
"1305","23","Unwa","Boire","_","active",
"1306","23","Uhimba","Chanter","_","active",
"1307","23","Utrusa","Chasser","_","active",
"1308","23","Utsema","Chuchoter","_","active",
"1309","23","Uvena","Cligner (de l'œil)","_","active",
"1310","23","Uvinga gari","Conduire","_","active",
"1311","23","Utiba","Copier","_","active",
"1312","23","Usona","Coudre","_","active",
"1313","23","Utsindza","Couper","_","active",
"1314","23","Utra mare","Cracher","_","active",
"1315","23","Upiha","Cuisiner","_","active",
"1316","23","Ulima","Cultiver","_","active",
"1317","23","Uzina","Danser","_","active",
"1318","23","Ushuka","Descendre","_","active",
"1319","23","Utowa wakati","Dire l'heure","_","active",
"1320","23","Utsera","Ecraser","_","active",
"1321","23","Uleya","Elever (un enfant)","_","active",
"1322","23","Utowa","Enlever","_","active",
"1323","23","Uhuwa","Eplucher","_","active",
"1324","23","Ulola","Epouser","_","active",
"1325","23","Uzima","Eteindre","_","active",
"1326","23","Usera","Etreindre","_","active",
"1327","23","Ulowa","Etre trempé","_","active",
"1328","23","Ufua","Faire la lessive","_","active",
"1329","23","Uhodza shtrandra","Faire le lit","_","active",
"1330","23","Uusa","Faire tomber","_","active",
"1331","23","Urema","Frapper","_","active",
"1332","23","Ufunga","Garder (en retenue)","_","active",
"1333","23","Uhua","Grandir","_","active",
"1334","23","Ufundra","Gronder","_","active",
"1335","23","Uvona","Guérir","_","active",
"1336","23","Ulisha","Lâcher","_","active",
"1337","23","Uvutsa","Lancer","_","active",
"1338","23","Uhosa","Laver","_","active",
"1339","23","Udya","Manger","_","active",
"1340","23","Uendra","Marcher","_","active",
"1341","23","Uvima","Mesurer, peser","_","active",
"1342","23","Ulodza","Mouiller","_","active",
"1343","23","Ufa","Mourir","_","active",
"1344","23","Ufunga (shondra)","Panser","_","active",
"1345","23","Uliva","Payer","_","active",
"1346","23","Ulowa","Pêcher","_","active",
"1347","23","Urosa","Piquer","_","active",
"1348","23","Ulila","Pleurer","_","active",
"1349","23","Uvera","Plier","_","active",
"1350","23","Uvinga","Porter","_","active",
"1351","23","Ushindra","Pouvoir","_","active",
"1352","23","Urenga","Prendre","_","active",
"1353","23","Ufunga","Punir","_","active",
"1354","23","Umidza mutru","Relever quelqu'un","_","active",
"1355","23","Uvura harufu","Renifler","_","active",
"1356","23","Umidza","Réveiller","_","active",
"1357","23","Utseha","Rire","_","active",
"1358","23","Uvundza malondro","S'agenouiller","_","active",
"1359","23","Usika","Saisir","_","active",
"1360","23","Uruka","Sauter","_","active",
"1361","23","Udjumba","Sauter dans","_","active",
"1362","23","Uhowa","Se doucher","_","active",
"1363","23","Udzi hosa","Se laver","_","active",
"1364","23","Unuka","Sentir","_","active",
"1365","23","Umeya","Se raser","_","active",
"1366","23","Uhima","Se réveiller","_","active",
"1367","23","Usondza","Sucer","_","active",
"1368","23","Udunga","Suivre","_","active",
"1369","23","Usika","Tenir","_","active",
"1370","23","Uvura","Tirer","_","active",
"1371","23","Ufuma","Tirer (fusil)","_","active",
"1372","23","Uwa","Tomber","_","active",
"1373","23","Uvera","Tordre","_","active",
"1374","23","Uhoma","Traîner","_","active",
"1375","23","Ushiya","Traverser","_","active",
"1376","23","Uendra na tsi","Vagabonder","_","active",
"1377","23","Uudza","Vendre","_","active",
"1378","23","Uona","Voir","_","active",
"1379","23","Uona udu","Voir trouble","_","active",
"1380","23","Uhiba","Voler","_","active",
"1381","24","Moja","Un","_","active",
"1382","24","Mbili","Deux","_","active",
"1383","24","Tram","Trois","_","active",
"1384","24","Nne","Quatre","_","active",
"1385","24","Tsano","Cinq","_","active",
"1386","24","Sita","Six","_","active",
"1387","24","Saba","Sept","_","active",
"1388","24","Nane","Huit","_","active",
"1389","24","Shendra","Neuf","_","active",
"1390","24","Kumi","Dix","_","active",
"1391","24","Kumi na moja","Onze","_","active",
"1392","24","Kumi na mbili","Douze","_","active",
"1393","24","Kumi na Tram","Treize","_","active",
"1394","24","Shirini","Vingt","_","active",
"1395","24","Shirini na moja","Vingt et un","_","active",
"1396","24","Shirini na mbili","Vingt deux","_","active",
"1397","24","Shirini na taam","Vingt trois","_","active",
"1398","24","Thalathini","Trente","_","active",
"1399","24","Arubaini","Quarante","_","active",
"1400","24","Hamsini","Cinquante","_","active",
"1401","24","Sitini","Soixante","_","active",
"1402","24","Sabwini","Soixante dix","_","active",
"1403","24","Thamanini","Quatre vingts","_","active",
"1404","24","Tuswini","Quatre vingts dix","_","active",
"1405","24","Mia","Cent","_","active",
"1406","24","Mia na moja","Cent un","_","active",
"1407","24","Mia na mbili","Cent deux","_","active",
"1408","24","Mia na taaru","Cent trois","_","active",
"1409","24","Mia na kumi","Cent dix","_","active",
"1410","24","Mia na kumi na moja","Cent onze","_","active",
"1411","24","Mia na kumi na mbili","Cent douze","_","active",
"1412","24","Mia na kumi na tram","Cent treize","_","active",
"1413","24","Mia wa ishirini","Cent vingt","_","active",
"1414","24","Mia wa ishirini na moja","Cent vingt et un","_","active",
"1415","24","Mia wa ishirini na mbili","Cent vingt deux","_","active",
"1416","24","Mia wa ishirini na taaru","Cent vingt trois","_","active",
"1417","24","Mia wa thalathini","Cent trente","_","active",
"1418","24","Mia wa arubaini","Cent quarante","_","active",
"1419","24","Miateni","Deux cents","_","active",
"1420","24","Thalathamia","Trois cents","_","active",
"1421","24","Arubamia","Quatre cents","_","active",
"1422","24","Hamsumia","Cinq cents","_","active",
"1423","24","Sitamia","Six cents","_","active",
"1424","24","Sabamia","Sept cents","_","active",
"1425","24","Thamanimia","Huit cents","_","active",
"1426","24","Tusumia","Neuf cents","_","active",
"1427","24","Alifu","Mille","_","active",
"1428","24","Alifu na moja","Mille un","_","active",
"1429","24","Alifu na mbili","Mille deux","_","active",
"1430","24","Alifu na traru","Mille trois","_","active",
"1431","24","Alifu wa mia","Mille cent","_","active",
"1432","24","Alifu wa mia na moja","Mille cent un","_","active",
"1433","24","Alifu wa mia na mbili","Mille cent deux","_","active",
"1434","24","Alifu wa mia na traru","Mille cent trois","_","active",
"1435","24","Alifu wa miateni","Mille deux cents","_","active",
"1436","24","Alifu thalathamia","Mille trois cents","_","active",
"1437","24","Alifu mbili","Deux mille","_","active",
"1438","24","Alifu tram","Trois mille","_","active",
"1439","24","Alifu nne","Quatre mille","_","active",
"1440","24","Alifu tsano","Cinq mille","_","active",
"1441","24","Alifu sita","Six mille","_","active",
"1442","24","Alifu saba","Sept mille","_","active",
"1443","24","Alifu nane","Huit mille","_","active",
"1444","24","Alifu shendra","Neuf mille","_","active",
"1445","24","Alifu kumi","Dix mille","_","active",
"1446","24","Alifu kumi na moja","Onze mille","_","active",
"1447","24","Alifu kumi na mbili","Douze mille","_","active",
"1448","24","Alifu Shirini","Vingt mille","_","active",
"1449","25","Madi wa paro ukiya himbo iyo ?","Madi as-tu déjà entendu cette chanson?","_","active",
"1450","25","yo ya mbani ?","Et de qui?","_","active",
"1451","25","lyo ya M. Jackson.","De M. Jackson.","_","active",
"1452","25","Ama, Ujuwa amba tsi muono vanu na vavo?"," Ouais, Tu sais que je l'ai déjà vu de près?","_","active",
"1453","25","Lisha zi trambo !","Arrête tes ragots!","_","active",
"1454","25","Hé ! Tsi msiki swafi .","Eh! Je l'ai même touché.","_","active",
"1455","25","Ngaliya, Usinifanye daba kiya. Usi laguwa tu.","Regarde! Ne me prends pas pour une cloche, entendu? Tu ne fais que parler.","_","active",
"1456","25","Ile pwason davril ."," Poisson d'avril .","_","active",
"1457","25","Pwanye ngwezi !","Ah !Imbécile!","_","active",
"1458","25","Ama , Abdu ule mbole !Aisa afungiha.","Eh bien, qu'est-ce qu'il est grand cet Abdou ! En plus, il est solide.","_","active",
"1459","25","Raha na Jaki ?","Plus que Jacques?","_","active",
"1460","25","Basi-Sabu uono shifuba yahe ? Vavo kara rongowa mihono yahe bila imindru yahe.","Bien sûr. Est-ce tu as vu sa poitrine? parle pas ni de ses bras ni de ses jambes.","_","active",
"1461","25","Be izo piya, waye kamshindri Jacques. Mnyawe uo uendra mbiyo kiya. Bulu yahija, aivinge na shitswa paka andre aitriye.","De toutes les façons, il ne peut battre Jacques. Je t'assure que ce gars cours vite. Lorsque la balle arrive, il peut la porter de tête jusqu'au camp adverse.","_","active",
"1462","25","Wawe mkini kumjiAbdou. lyo tratrenga. Uaruka mauri komba. Basi shitru inijiviyao haye, de ndrevu zahe.","Peut-être ne connais-tu pas Abdou. C'est un bolide. Il saute comme un singe. Ce qui me 'plaît en plus chez lui, c'est sa moustache.","_","active",
"1463","25","Lisha, be hashindri uka muzuri raha na Jaki. Madza wa paro wona sura yahe, waparo usika nyole zahe ?Laini swafi.","Arrête, il ne peut être plus beau encore que Jacques. As-tu déjà vu de près son visage, as-tu déjà touché ses cheveux? Très lisse.","_","active",
"1464","25","Jeje bweni ","Bonjour madame!","_","active",
"1465","25","Ndjema tu","Bonjour","_","active",
"1466","25","Rongowa trongo zaho ?","Qu'est-ce qui vous amène?","_","active",
"1467","25","Nako ja ujua hazi za mwana wangu.","Je venais me renseigner sur le travail de mon enfant.","_","active",
"1468","25","Vale de mbani ?","Il s'agit de qui déjà?","_","active",
"1469","25","De Omari.","De Omar.","_","active",
"1470","25"," Ewa, Abdu waye mwanamtsa mwema swafi. Waye ufanya hazifetre. Trongo moja tu de imtaambishao.","Oui, Omar est un enfant sage. Il travaille bien. Une chose seulement l'embête.","_","active",
"1471","25","De ivi fundi ?","C'est quoi maître / maîtresse ?","_","active",
"1472","25","Raha kasijua uhasibu fetre. Be nisifikiri amba kavutsoka taambu.","Il ne sait pas encore bien compter, mais je pense qu'il n'y aura pas de problème.","_","active",
"1473","25","Ao, tsi kya. Ritso fanya djitihadi fun di.","Oui ,j'ai compris. Nous ferons attention maîtresse.","_","active",
"1474","25","Basi nari kwaheri bweni ","Alors, au revoir madame","_","active",
"1475","25","Kwaheri fundi, tsi kiya.","Au revoir maîtresse. J'ai compris.","_","active",
"1476","25","Madi, halo rareme vule.","Madi, allons faire une grillade.","_","active",
"1477","25","Una shireo ?","As-tu de la viande (ou du poisson) ?","_","active",
"1478","25","Ritsondronunua fii ha ba Fatima.","On achètera du poisson chez le père de Fatima.","_","active",
"1479","25","Ntso shindra ni pare putu, na trovi.","Allons-y alors. Chez nous, je pourrais avoir du piment et de la banane.","_","active",
"1480","25","Endra wazi renge. Usidale umoro. Wami na miyeframpe ha djirani vale.","Va les prendre. N'oublie pas le feu. Moije vais demander du fruit à pain au voisinage.","_","active",
"1481","25","A, hairiyamungu amba tsadala shombo yangu be...","Grâce à Dieu je n'ai pas oublié mon coupe-coupe sinon ...","_","active",
"1482","25","... Kavwatsokiri trongo leo, trambo. De imana nahutsahua.","... Rien n'aurait pu se faire, n'est-ce pas? C'est pourquoi je t'ai choisi.","_","active",
"1483","25","Nene, leo vwa wadaha, kusendra ?","Néné, il y a une danse du pilon aujourd'hui, tu n'y vas pas?","_","active",
"1484","25","Tsisi juwa mana nako tsaha nendre debani.","Je n'en sais rien car j'aurais voulu assister à un déba.","_","active",
"1485","25","Vwa deba havi ?","Il Y a un déba où ?","_","active",
"1486","25","Uju oho, karibu na likoli.","Là-haut, près de l'école.","_","active",
"1487","25","Zo madza zi viri. Kahalo de wadahani ! Voko, vutsoka wantru wengi raha na debani oho.","Ca s'est dépassé. Nous ferons mieux d'aller à la danse des pilons! D'ailleurs, il y aura plus de monde qu'à ce déba.","_","active",
"1488","25","Shetwani tra...","Tu parles du pouvoir du diable ...","_","active",
"1489","25","Ah, tsi lemewa na maesha yanu = mutru ahime asubuhi ahundze, ahose sahani, arengeledza nyumba ..... tsi shindri.","Ouf, j'en ai assez de cette vie. Se lever le matin et balayer, faire la vaisselle, ranger la maison .....je n'en peux plus.","_","active",
"1490","25","He, izo hazi zanyu wantru mama! Utsaha wami de nihodze shitandra ni laliyao, au ni fue au ni vere dara... ?","Eh, ce sont vos travaux à vous les femmes. Veux- tu que ce soit moi qui fasse le lit dans lequel on dort, ou bien qui fasse la lessive ou bien qui plie les draps?","_","active",
"1491","25"," Basi urendreni ? Ngiya oho wa pihe pavi rione trongo tsiyo !","Et alors? (quel est le mal) Entre là-dedans et fais la cuisine qu'on voie un peu !","_","active",
"1492","25","Una masera ?","T'es folle ?...","_","active",
"1493","25","Mabudu, narendre dzatru malavuni.","Mère d'Abdou, allons-y à la campagne.","_","active",
"1494","25","Afa tsisi na ata shombo vanu.","C'est que je n'ai même pas de shombo ici.","_","active",
"1495","25","Tsina mbili. Nitso hu azima imoja.","J'en ai deux. Je t'en prêterai un.","_","active",
"1496","25","Haya basi. Afa ne wawe ulimi ?","D'accord. Mais, est-ce que tu as un champ?","_","active",
"1497","25","Tsina mwana shunga shambani ha Sabili oho. Navanu kwehe inishindri ata hamwe.","J'ai un coin de terre dans la proprité de monsieur Sabili. En ce moment, je suis dépassé par les mauvaises herbes.","_","active",
"1498","25","Halo, nitsohu saidi utabu.","On y va. Je t'aiderai à planter.","_","active",
"1499","25","Wami, nitsaha mutru ani saidi ulima amba trini.","Moi,j'ai plutôt besoin de quelqu'un qui m'aide à (cultiver) désherber.","_","active",
"1500","25","Narendre haraka basi. Mtsana upara.","Depêchons-nous alors. Il est bientôt midi.","_","active",
"1501","25","Rongowa sa, Abdu ule jeje waho ?","Dis, quel lien as-tu avec Abdou ?","_","active",
"1502","25"," Ule mwana nyangu.","C'est mon frère.","_","active",
"1503","25","Mwana nyaho jeje ?","Ton frère comment?","_","active",
"1504","25","Ule mwana wa baba bole wangu. Ne mana trini ?","C'est le fils du frère aîné de mon père. Pourquoi?","_","active",
"1505","25","Waye mwandzani wangu. Waye na mastaha swafi, trambo ?","C'est mon ami. Il est très respectueux, n'est-ce- pas?","_","active",
"1506","25","Madza. Ujua amba mayahe de djirani wangu ule. Na vanu wasi lodza. Ritso endra harusini ha zuki wahe mtru marna ?","C'est vrai. Tu sais que sa mère c'est votre voisine. Et d'ailleurs, en ce moment ils organisent un mariage. Veux-tu qu'on aille au mariage de sa grande soeur?","_","active",
"1507","25","Nehika utsonivinga.","Si tu m'emmènes.","_","active",
"1508","25","De namne iyo.","D'accord. C'est comme ça.","_","active",
"1509","25","Said, leo lini mwa ?","Saïd, quel jour on est aujourd'hui?","_","active",
"1510","25","Leo mfumo tsano .","Aujourd'hui c'est mercredi.","_","active",
"1511","25","Ama, tsina rendez-vous sa ya saba.","Oh là là,jai un rendez-vous à 13 h 00.","_","active",
"1512","25","De avasa...","C'est maintenant alors.","_","active",
"1513","25","Tsiji. Una lera trini ?","Je ne sais pas. Quelle heure as-tu?","_","active",
"1514","25","Tsina sa ya saba ya vungudza dakika kumi. Lera yaho ikurubiya swafi.","J'ai 13 h moins 10 minutes. Ton heure approche vraiment.","_","active",
"1515","25","Haya nisuhulisha . Ritsoonana maharibi.","Je te laisse alors. On se verra ce soir.","_","active",
"1516","25","Ama usu nimbe rendez-vous gashi.","Surtout viens à l'heure s'il te plaît.","_","active",
